reporteurid,airport
3565,AGP
251,SKP
2848,TSE
2026,ESB
6158,VKO
2024,IEV
5411,TIV
4349,FRA
7247,DUB
2961,PDL
9545,GYD
8394,KIV
6122,TRD
1101,CLJ
8533,TLL
599,OLB
9243,BHX
7564,KRS
2769,DME
4083,DRS
4875,VNO
7477,TFS
5161,NUE
9803,GDN
2627,OVD
5587,BGY
5028,ORY
359,FNC
26,MSQ
3322,LPL
8549,TLS
3367,TPS
1543,RVN
3715,PUY
6312,AJA
7080,LWO
9203,CIA
6554,GVA
3666,LTN
9223,HUY
4387,BIQ
1116,DBV
2206,REU
1487,BOO
786,ODS
3924,RHO
8545,CIY
2755,BJV
3142,BSL
7697,GLA
541,EIN
1582,LUG
7818,BRQ
5796,BRN
6960,CTA
7071,AAR
7249,TSF
2210,KUN
1065,ZTH
7956,WAW
4485,BIO
9557,LYS
6418,PMO
8825,CFU
974,OSL
6772,BES
8935,AER
4831,ZAZ
6680,FUE
3859,LNZ
1999,FMO
7938,LIL
0,SVG
6782,PMI
4055,GOA
7215,INI
3560,LJU
5561,IST
7813,SVX
8716,KBP
3282,XRY
8311,TZX
3510,SEN
9408,OVB
7300,FCO
7088,OST
296,VLC
6598,SCQ
4910,PFO
6642,HAJ
3335,ALC
9275,PSR
9098,ORK
4105,AAL
2816,EXT
1364,BIA
655,MAN
9440,BRS
167,SXF
6163,FAO
9916,INN
5656,WRO
8523,PIK
1982,VAA
3410,MPL
458,GRQ
629,PAD
2572,JTR
8300,SPU
8604,NCL
71,LIS
7218,IBZ
2761,ADB
624,HAM
626,ACE
4728,PSA
9452,MST
6374,ANR
8484,OUL
8491,ZAD
8751,TSR
280,OTP
4056,LPA
6286,OPO
2886,SVQ
2925,ALA
3492,RMU
1139,KGS
7131,LHR
4416,SNN
9271,SOF
2270,EDI
2522,LGG
9406,DTM
2542,BHD
4787,EVN
7493,KSC
1963,LCY
15,VIE
9328,DUS
6118,HEL
5210,TFN
9061,LUX
56,MMX
7169,MRS
6790,SVO
6129,KIR
8466,TMP
4449,SZG
6700,TLN
2112,KEF
7934,SJJ
5224,SAW
7150,GRZ
3979,GRO
923,RNS
3082,HAU
8362,BMA
8251,NRN
8320,ARN
2179,TXL
7534,TZL
8433,KRK
8585,LBA
515,AES
2783,BER
7613,RUN
4453,TKU
6298,BEG
9654,PRN
2717,VCE
8011,LED
9836,IAS
5256,JER
5610,JMK
165,BOD
5803,AMS
9451,EGC
5838,LEJ
21,LIN
6247,BDS
570,BTS
5270,EMA
3942,ABZ
1049,STN
8776,SXB
9513,TIA
6058,CAG
7779,KTW
609,HER
8869,BRE
4242,POZ
9300,CHQ
7397,CDG
8733,MXP
3029,SPC
9643,TOS
9298,MLA
1806,BVA
7834,NOC
6899,VST
7217,STR
6768,FSC
6643,AHO
8410,KLU
8150,FMM
5540,GOT
3812,DLM
6031,FLR
2677,AOI
3458,TGD
9238,RIX
7219,DSA
9018,TRN
8377,SUF
2351,NYO
108,SKG
7646,TBS
8974,LGW
3379,CGN
1475,SOU
1017,BLQ
9217,PRG
6737,LEI
2719,WMI
3663,HHN
7716,AYT
3572,CWL
7302,BRI
5240,PEG
2353,DEB
6841,ATH
5370,MAH
8715,LCA
4397,FKB
804,FAE
7262,ADA
3900,RTM
2611,NTE
5827,ZRH
9357,SDR
1091,BCN
8189,BGO
1018,BUD
2856,NCE
2384,VAR
6945,CRL
9060,VRN
7974,NAP
8646,BRU
4027,MUC
5147,CPH
5920,BLL
6933,MAD
4248,FDH
9772,BFS
3061,TRF
1733,ZAG
2355,BOJ
987,AGP
8205,SKP
2262,TSE
6299,ESB
318,VKO
7921,IEV
2047,TIV
9462,FRA
470,DUB
6786,PDL
8736,GYD
8096,KIV
2562,TRD
4554,CLJ
5378,TLL
5002,OLB
8216,BHX
1301,KRS
7180,DME
2073,DRS
2423,VNO
94,TFS
1951,NUE
2105,GDN
1762,OVD
4241,BGY
3681,ORY
2777,FNC
1588,MSQ
162,LPL
6042,TLS
5931,TPS
9027,RVN
4963,PUY
2445,AJA
1040,LWO
4530,CIA
5460,GVA
4740,LTN
9826,HUY
1511,BIQ
7198,DBV
7712,REU
2685,BOO
4063,ODS
6173,RHO
5049,CIY
988,BJV
5943,BSL
8094,GLA
1937,EIN
5359,LUG
7980,BRQ
2146,BRN
1057,CTA
5682,AAR
5981,TSF
9727,KUN
9616,ZTH
6381,WAW
2857,BIO
3004,LYS
3014,PMO
7490,CFU
3293,OSL
2878,BES
8397,AER
5620,ZAZ
811,FUE
4090,LNZ
7950,FMO
6175,LIL
3505,SVG
2035,PMI
7653,GOA
2291,INI
4232,LJU
8637,IST
9763,SVX
639,KBP
9681,XRY
4543,TZX
1367,SEN
1770,OVB
8202,FCO
5766,OST
6728,VLC
5547,SCQ
8988,PFO
8310,HAJ
8992,ALC
1313,PSR
9501,ORK
4307,AAL
3520,EXT
6752,BIA
968,MAN
6010,BRS
6121,SXF
4378,FAO
2880,INN
849,WRO
764,PIK
5086,VAA
5675,MPL
6840,GRQ
5512,PAD
6779,JTR
8577,SPU
8606,NCL
973,LIS
7132,IBZ
6069,ADB
6168,HAM
7638,ACE
3009,PSA
6820,MST
9958,ANR
7518,OUL
4004,ZAD
5941,TSR
3630,OTP
4956,LPA
5332,OPO
9476,SVQ
2487,ALA
1234,RMU
9564,KGS
7608,LHR
3424,SNN
6794,SOF
4374,EDI
9327,LGG
1891,DTM
8901,BHD
3993,EVN
1347,KSC
3599,LCY
4614,VIE
3680,DUS
84,HEL
3291,TFN
6823,LUX
4343,MMX
7801,MRS
4825,SVO
488,KIR
6763,TMP
8476,SZG
840,TLN
9777,KEF
8981,SJJ
6472,SAW
5217,GRZ
1654,GRO
9552,RNS
8999,HAU
4540,BMA
8973,NRN
6222,ARN
3829,TXL
680,TZL
2464,KRK
9824,LBA
1643,AES
8975,BER
8744,RUN
4920,TKU
174,BEG
1227,PRN
9817,VCE
2563,LED
8861,IAS
3649,JER
5467,JMK
7012,BOD
222,AMS
7123,EGC
5109,LEJ
3774,LIN
1196,BDS
6805,BTS
4508,EMA
4134,ABZ
7143,STN
1601,SXB
619,TIA
562,CAG
6231,KTW
9944,HER
8057,BRE
2131,POZ
5087,CHQ
7066,CDG
1297,MXP
9397,SPC
7081,TOS
4187,MLA
1277,BVA
4050,NOC
4039,VST
1521,STR
9966,FSC
1121,AHO
229,KLU
8442,FMM
5834,GOT
415,DLM
7446,FLR
5052,AOI
6364,TGD
4645,RIX
2269,DSA
8932,TRN
8728,SUF
3602,NYO
1218,SKG
8075,TBS
8965,LGW
7598,CGN
7415,SOU
1444,BLQ
2309,PRG
7569,LEI
884,WMI
4277,HHN
7110,AYT
4440,CWL
6174,BRI
4755,PEG
3415,DEB
3783,ATH
3765,MAH
2377,LCA
1849,FKB
5413,FAE
1192,ADA
8844,RTM
7924,NTE
1436,ZRH
5455,SDR
1360,AGP
5962,SKP
9899,TSE
4715,ESB
4493,VKO
6405,IEV
7581,TIV
2514,FRA
448,DUB
9414,PDL
1027,GYD
4278,KIV
420,TRD
8675,CLJ
9843,TLL
7648,OLB
7966,BHX
7403,KRS
4889,DME
3548,DRS
749,VNO
6776,TFS
2923,NUE
8832,GDN
548,OVD
9277,BGY
8089,ORY
1195,FNC
9171,MSQ
3389,LPL
3751,TLS
1434,TPS
953,RVN
4247,PUY
7212,AJA
8706,LWO
5290,CIA
9138,GVA
144,LTN
6604,HUY
7269,BIQ
681,DBV
2334,REU
8025,BOO
601,ODS
7483,RHO
647,CIY
7130,BJV
7700,BSL
3178,GLA
5842,EIN
4891,LUG
7919,BRQ
6334,BRN
9510,CTA
1046,AAR
6201,TSF
4807,KUN
4255,ZTH
7889,WAW
1191,BIO
3674,LYS
7433,PMO
2956,CFU
5553,OSL
2822,BES
5900,AER
8815,ZAZ
4481,FUE
7156,LNZ
3207,FMO
8831,LIL
6336,SVG
8829,PMI
3304,GOA
6874,INI
4496,LJU
9644,IST
4866,SVX
1728,KBP
1676,XRY
9661,TZX
6729,SEN
1076,OVB
6447,FCO
3355,OST
1831,VLC
9645,SCQ
1539,PFO
4916,HAJ
518,ALC
1680,PSR
2121,ORK
5905,AAL
9068,EXT
1845,BIA
4098,MAN
2676,BRS
1659,SXF
8389,FAO
6981,INN
9332,WRO
20,PIK
330,VAA
5232,MPL
8117,GRQ
3244,PAD
6869,JTR
1476,SPU
2437,NCL
2750,LIS
2539,IBZ
2187,ADB
1818,HAM
137,ACE
7549,PSA
745,MST
4810,ANR
6679,OUL
5189,ZAD
405,TSR
6120,OTP
2950,LPA
4992,OPO
5957,SVQ
6191,ALA
4606,RMU
5745,KGS
7272,LHR
3803,SNN
6311,SOF
6902,EDI
2997,LGG
1546,DTM
2414,BHD
7817,EVN
7641,KSC
6196,LCY
9699,VIE
1922,DUS
1854,HEL
9041,TFN
8853,LUX
2699,MMX
8912,MRS
8032,SVO
3159,KIR
2636,TMP
2557,SZG
8206,TLN
9418,KEF
6769,SJJ
4651,SAW
4630,GRZ
8435,GRO
8078,RNS
2427,HAU
8936,BMA
2032,NRN
3524,ARN
2890,TXL
4118,TZL
1502,KRK
2666,LBA
9973,AES
9828,BER
5343,RUN
382,TKU
9192,BEG
9283,PRN
9605,VCE
4339,LED
2229,IAS
4228,JER
7849,JMK
5288,BOD
838,AMS
6590,EGC
9370,LEJ
3359,LIN
4695,BDS
5402,BTS
1388,EMA
3350,ABZ
3883,STN
2267,SXB
833,TIA
295,CAG
6226,KTW
2589,HER
3069,BRE
3693,POZ
4865,CHQ
7986,CDG
9102,MXP
4275,SPC
882,TOS
834,MLA
7541,BVA
9366,NOC
3844,VST
8498,STR
5492,FSC
9947,AHO
8420,KLU
1222,FMM
5042,GOT
9082,DLM
1125,FLR
6363,AOI
3569,TGD
1896,RIX
6402,DSA
8041,TRN
2534,SUF
5426,NYO
2851,SKG
9864,TBS
563,LGW
5582,CGN
4306,SOU
479,BLQ
8537,PRG
3706,LEI
8767,WMI
3899,HHN
284,AYT
5588,CWL
6392,BRI
3147,PEG
6319,DEB
6803,ATH
4428,MAH
9859,LCA
9057,FKB
5963,FAE
442,ADA
8031,RTM
8367,NTE
5013,ZRH
239,SDR
31,BCN
3391,BGO
6879,BUD
1584,NCE
2698,VAR
2763,CRL
5331,VRN
9878,NAP
1308,BRU
5219,MUC
5154,CPH
8906,BLL
8232,MAD
12,FDH
1887,BFS
4032,TRF
6272,ZAG
4652,BOJ
2118,AGP
6668,SKP
324,TSE
2240,ESB
8614,VKO
9085,IEV
3241,TIV
5326,FRA
8969,DUB
5008,PDL
6882,GYD
8384,KIV
4778,TRD
5756,CLJ
1437,TLL
5185,OLB
7398,BHX
2917,KRS
5137,DME
1771,DRS
4110,VNO
1704,TFS
5024,NUE
3330,GDN
2133,OVD
1479,BGY
1919,ORY
918,FNC
9096,MSQ
7323,LPL
7363,TLS
7772,TPS
8794,RVN
2700,PUY
4071,AJA
2722,LWO
2145,CIA
3031,GVA
9774,LTN
2871,HUY
3696,BIQ
9749,DBV
9621,REU
315,BOO
4664,ODS
6350,RHO
4851,CIY
3149,BJV
4224,BSL
234,GLA
7436,EIN
177,LUG
8179,BRQ
2031,BRN
1373,CTA
9213,AAR
9967,TSF
1913,KUN
6012,ZTH
4995,WAW
7352,BIO
1451,LYS
1394,PMO
6936,CFU
1150,OSL
9127,BES
8388,AER
7796,ZAZ
6722,FUE
459,LNZ
3109,FMO
8920,LIL
938,SVG
1063,PMI
7101,GOA
5207,INI
444,LJU
274,IST
2568,SVX
8378,KBP
1842,XRY
5782,TZX
6085,SEN
6195,OVB
3341,FCO
5456,OST
3490,VLC
1518,SCQ
8018,PFO
8887,HAJ
412,ALC
7652,PSR
5117,ORK
8342,AAL
651,EXT
7711,BIA
2713,MAN
4626,BRS
9069,SXF
8837,FAO
4556,INN
5499,WRO
8470,PIK
8608,VAA
9809,MPL
8591,GRQ
83,PAD
851,JTR
6188,SPU
5076,NCL
2375,LIS
8114,IBZ
474,ADB
5868,HAM
7354,ACE
2712,PSA
8602,MST
8269,ANR
7798,OUL
6044,ZAD
6583,TSR
5463,OTP
3503,LPA
8240,OPO
9990,SVQ
984,ALA
3091,RMU
2680,KGS
2245,LHR
6649,SNN
5021,SOF
2398,EDI
8163,LGG
9874,DTM
7420,BHD
2953,EVN
8690,KSC
507,LCY
6914,VIE
596,DUS
3826,HEL
8704,TFN
9879,LUX
6695,MMX
5851,MRS
7663,SVO
8483,KIR
7045,TMP
4769,SZG
8641,TLN
2012,KEF
7636,SJJ
1955,SAW
6558,GRZ
8982,GRO
3411,RNS
2101,HAU
9411,BMA
9904,NRN
2140,ARN
6411,TXL
2815,TZL
3251,KRK
5323,LBA
9129,AES
7161,BER
433,RUN
7784,TKU
7021,BEG
7388,PRN
2967,VCE
9506,LED
1449,IAS
1450,JER
543,JMK
8461,BOD
7585,AMS
8454,EGC
869,LEJ
5009,LIN
8502,BDS
1705,BTS
9081,EMA
6688,ABZ
6150,STN
1780,SXB
2631,TIA
8318,CAG
7372,KTW
3112,HER
7328,BRE
5174,POZ
3525,CHQ
4153,CDG
719,MXP
5683,SPC
2388,TOS
5575,MLA
7199,BVA
5,NOC
6515,VST
2999,STR
2695,FSC
8200,AHO
6454,KLU
1944,FMM
340,GOT
6977,DLM
4106,FLR
2000,AOI
3376,TGD
4158,RIX
4870,DSA
6969,TRN
2276,SUF
7076,NYO
8026,SKG
5276,TBS
2715,LGW
8285,CGN
5910,SOU
2507,BLQ
7457,PRG
519,LEI
9429,WMI
846,HHN
432,AYT
1834,CWL
9058,BRI
254,PEG
656,DEB
4988,ATH
625,MAH
9362,LCA
7044,FKB
1292,FAE
5665,ADA
1203,RTM
4251,NTE
5387,ZRH
5977,SDR
581,AGP
5472,SKP
5918,TSE
6314,ESB
8748,VKO
396,IEV
8441,TIV
6049,FRA
3126,DUB
9987,PDL
935,GYD
8884,KIV
2920,TRD
1795,CLJ
9142,TLL
4061,OLB
1816,BHX
4351,KRS
2546,DME
7577,DRS
4978,VNO
9353,TFS
4703,NUE
4961,GDN
9150,OVD
6459,BGY
5763,ORY
5510,FNC
4011,MSQ
8872,LPL
7314,TLS
7252,TPS
8954,RVN
5025,PUY
1549,AJA
7660,LWO
6742,CIA
9093,GVA
421,LTN
7590,HUY
5444,BIQ
5152,DBV
3546,REU
8472,BOO
6255,ODS
8808,RHO
6017,CIY
2661,BJV
3934,BSL
9369,GLA
9511,EIN
1328,LUG
1986,BRQ
3260,BRN
3388,CTA
4425,AAR
133,TSF
279,KUN
4062,ZTH
3093,WAW
8737,BIO
6710,LYS
492,PMO
9810,CFU
7591,OSL
5194,BES
3718,AER
6843,ZAZ
6685,FUE
9348,LNZ
2093,FMO
3914,LIL
4160,SVG
8613,PMI
4042,GOA
8793,INI
8457,LJU
9794,IST
9731,SVX
2914,KBP
3992,XRY
8556,TZX
8128,SEN
353,OVB
7720,FCO
5634,OST
7910,VLC
7733,SCQ
8731,PFO
646,HAJ
2549,ALC
2149,PSR
9802,ORK
2208,AAL
195,EXT
6325,BIA
6791,MAN
6097,BRS
7722,SXF
9428,FAO
9319,INN
9326,WRO
707,PIK
6736,VAA
4847,MPL
971,GRQ
7745,PAD
9618,JTR
5537,SPU
4919,NCL
7759,LIS
1332,IBZ
2850,ADB
1972,HAM
4303,ACE
3741,PSA
8611,MST
3908,ANR
4443,OUL
8379,ZAD
4289,TSR
6959,OTP
9206,LPA
4565,OPO
3097,SVQ
7552,ALA
1099,RMU
7079,KGS
9919,LHR
5805,SNN
8107,SOF
3746,EDI
1908,LGG
95,DTM
8663,BHD
3981,EVN
3444,KSC
5144,LCY
2432,VIE
6375,DUS
7248,HEL
751,TFN
828,LUX
4953,MMX
4430,MRS
454,SVO
9459,KIR
5952,TMP
7086,SZG
2675,TLN
6259,KEF
4167,SJJ
1529,SAW
8478,GRZ
4068,GRO
2622,RNS
8243,HAU
9399,BMA
8499,NRN
2275,ARN
9505,TXL
4394,TZL
1612,KRK
9729,LBA
6635,AES
6037,BER
8846,RUN
669,TKU
7695,BEG
675,PRN
5061,VCE
6849,LED
4515,IAS
5833,JER
9151,JMK
5916,BOD
7891,AMS
2998,EGC
4456,LEJ
5367,LIN
7179,BDS
5754,BTS
9613,EMA
8418,ABZ
7142,STN
708,SXB
1737,TIA
9051,CAG
7832,KTW
5857,HER
2173,BRE
2947,POZ
9086,CHQ
4741,CDG
6304,MXP
7343,SPC
1151,TOS
6510,MLA
4398,BVA
3453,NOC
6008,VST
8134,STR
2885,FSC
341,AHO
7290,KLU
3699,FMM
2330,GOT
7116,DLM
409,FLR
5046,AOI
3922,TGD
4422,RIX
3011,DSA
5341,TRN
3815,SUF
2160,NYO
4135,SKG
2107,TBS
3627,LGW
691,CGN
6060,SOU
1949,BLQ
3035,PRG
389,LEI
8685,WMI
767,HHN
9688,AYT
1557,CWL
4705,BRI
9438,PEG
6009,DEB
702,ATH
205,MAH
2797,LCA
9632,FKB
6624,FAE
750,ADA
114,RTM
3615,NTE
2284,ZRH
8551,SDR
558,BCN
7621,BGO
4589,BUD
9719,NCE
5759,VAR
5446,CRL
7528,VRN
1385,NAP
2127,BRU
951,MUC
8005,CPH
269,BLL
534,MAD
9163,FDH
8878,BFS
6646,TRF
6124,ZAG
844,BOJ
3396,AGP
6487,SKP
6697,TSE
9450,ESB
2063,VKO
3968,IEV
6749,TIV
5595,FRA
8270,DUB
5908,PDL
2089,GYD
8769,KIV
9825,TRD
3716,CLJ
3816,TLL
6322,OLB
8528,BHX
2347,KRS
67,DME
457,DRS
6230,VNO
7402,TFS
3101,NUE
5608,GDN
9636,OVD
4586,BGY
4674,ORY
3386,FNC
6565,MSQ
7656,LPL
2100,TLS
2195,TPS
8084,RVN
761,PUY
1786,AJA
5975,LWO
5861,CIA
4471,GVA
1763,LTN
658,HUY
2610,BIQ
1686,DBV
6527,REU
3131,BOO
6547,ODS
7782,RHO
3390,CIY
7721,BJV
2907,BSL
5936,GLA
9131,EIN
7460,LUG
2860,BRQ
1973,BRN
3962,CTA
1655,AAR
8424,TSF
2298,KUN
5225,ZTH
9792,WAW
7764,BIO
385,LYS
6778,PMO
7895,CFU
2429,OSL
5251,BES
4007,AER
9582,ZAZ
2117,FUE
2807,LNZ
4271,FMO
3346,LIL
1197,SVG
1921,PMI
2798,GOA
1472,INI
7580,LJU
9149,IST
6762,SVX
1254,KBP
7468,XRY
6942,TZX
5151,SEN
1700,OVB
621,FCO
9787,OST
9481,VLC
4780,SCQ
8911,PFO
6022,HAJ
734,ALC
8133,PSR
8569,ORK
8121,AAL
7527,EXT
6096,BIA
2367,MAN
116,BRS
8654,SXF
4896,FAO
6211,INN
2674,WRO
1287,PIK
1574,VAA
3855,MPL
7451,GRQ
3735,PAD
9015,JTR
1637,SPU
501,NCL
2948,LIS
4599,IBZ
6417,ADB
9704,HAM
3098,ACE
6108,PSA
4552,MST
5945,ANR
8795,OUL
246,ZAD
1788,TSR
267,OTP
7925,LPA
5809,OPO
354,SVQ
9008,ALA
5093,RMU
9341,KGS
1279,LHR
8077,SNN
5363,SOF
4236,EDI
7915,LGG
402,DTM
8667,BHD
4797,EVN
9478,KSC
9183,LCY
3438,VIE
4049,DUS
410,HEL
2237,TFN
9497,LUX
3336,MMX
7917,MRS
8144,SVO
2340,KIR
4217,TMP
9611,SZG
5047,TLN
4716,KEF
1028,SJJ
7946,SAW
3111,GRZ
5065,GRO
4352,RNS
323,HAU
7117,BMA
3872,NRN
8913,ARN
9560,TXL
4420,TZL
4623,KRK
368,LBA
6566,AES
9709,BER
9977,RUN
3677,TKU
2171,BEG
8246,PRN
8209,VCE
9225,LED
1038,IAS
6267,JER
4338,JMK
6745,BOD
6896,AMS
6106,EGC
8450,LEJ
9123,LIN
8074,BDS
2166,BTS
4159,EMA
5959,ABZ
275,STN
8387,SXB
4348,TIA
948,CAG
5204,KTW
7750,HER
8186,BRE
2226,POZ
726,CHQ
1994,CDG
8245,MXP
7954,SPC
4924,TOS
677,MLA
5498,BVA
3137,NOC
6528,VST
9137,STR
3870,FSC
8056,AHO
1943,KLU
6978,FMM
1261,GOT
9698,DLM
4969,FLR
1144,AOI
3907,TGD
1976,RIX
682,DSA
7058,TRN
6393,SUF
7188,NYO
5438,SKG
3150,TBS
7708,LGW
372,CGN
8263,SOU
4126,BLQ
3978,PRG
7224,LEI
9682,WMI
8145,HHN
1580,AYT
1363,CWL
2945,BRI
22,PEG
2465,DEB
912,ATH
45,MAH
5423,LCA
1950,FKB
199,FAE
6432,ADA
2861,RTM
3643,NTE
6481,ZRH
9745,SDR
6294,AGP
3100,SKP
3990,TSE
2106,ESB
5424,VKO
2094,IEV
8964,TIV
671,FRA
9368,DUB
422,PDL
9551,GYD
3467,KIV
6473,TRD
3278,CLJ
7051,TLL
6918,OLB
3213,BHX
3006,KRS
6016,DME
3049,DRS
245,VNO
3216,TFS
7002,NUE
9331,GDN
3013,OVD
1870,BGY
8102,ORY
6857,FNC
4444,MSQ
7340,LPL
6682,TLS
9756,TPS
9393,RVN
1266,PUY
8633,AJA
3223,LWO
259,CIA
1015,GVA
6859,LTN
8317,HUY
9860,BIQ
4545,DBV
8374,REU
9466,BOO
3998,ODS
573,RHO
9091,CIY
6675,BJV
7275,BSL
2029,GLA
1710,EIN
3055,LUG
3558,BRQ
864,BRN
291,CTA
3991,AAR
9176,TSF
6573,KUN
2002,ZTH
61,WAW
797,BIO
2290,LYS
8267,PMO
5177,CFU
4693,OSL
4950,BES
5400,AER
8666,ZAZ
6428,FUE
3848,LNZ
9310,FMO
4245,LIL
1794,SVG
2679,PMI
7260,GOA
6523,INI
1206,LJU
1300,IST
8408,SVX
9477,KBP
2242,XRY
1562,TZX
4964,SEN
1384,OVB
4572,FCO
5859,OST
8147,VLC
4610,SCQ
7854,PFO
7715,HAJ
8854,ALC
8595,PSR
7747,ORK
7032,AAL
7105,EXT
9914,BIA
6654,MAN
8226,BRS
1837,SXF
6083,FAO
2588,INN
4377,WRO
5955,PIK
2258,VAA
8612,MPL
6746,GRQ
4975,PAD
1894,JTR
9714,SPU
7506,NCL
7154,LIS
8277,IBZ
4161,ADB
6875,HAM
7305,ACE
5361,PSA
4220,MST
8702,ANR
8506,OUL
3918,ZAD
4853,TSR
8160,OTP
989,LPA
6615,OPO
2042,SVQ
4559,ALA
6970,RMU
1411,KGS
5027,LHR
3052,SNN
490,SOF
4014,EDI
1547,LGG
7437,DTM
5810,BHD
9465,EVN
1695,KSC
8672,LCY
6172,VIE
8840,DUS
1324,HEL
4949,TFN
3455,LUX
5110,MMX
88,MRS
7902,SVO
2613,KIR
6313,TMP
1497,SZG
7270,TLN
7141,KEF
6185,SJJ
1199,SAW
2446,GRZ
7208,GRO
9125,RNS
5268,HAU
9296,BMA
4914,NRN
7464,ARN
4309,TXL
6427,TZL
9470,KRK
3385,LBA
2735,AES
7408,BER
8093,RUN
4468,TKU
1074,BEG
7244,PRN
2918,VCE
7153,LED
9635,IAS
9812,JER
3401,JMK
802,BOD
7748,AMS
2941,EGC
2598,LEJ
9801,LIN
1513,BDS
3871,BTS
3356,EMA
4776,ABZ
1080,STN
3041,SXB
2415,TIA
9268,CAG
8966,KTW
3611,HER
6235,BRE
2263,POZ
4452,CHQ
1532,CDG
2182,MXP
209,SPC
606,TOS
801,MLA
6963,BVA
3290,NOC
8365,VST
5031,STR
856,FSC
4858,AHO
4577,KLU
4849,FMM
5001,GOT
2091,DLM
1124,FLR
1231,AOI
3995,TGD
2442,RIX
3195,DSA
7958,TRN
253,SUF
119,NYO
8630,SKG
7210,TBS
1269,LGW
3851,CGN
6436,SOU
5357,BLQ
5829,PRG
7185,LEI
2870,WMI
3828,HHN
5222,AYT
6709,CWL
101,BRI
8188,PEG
6644,DEB
7828,ATH
8076,MAH
3937,LCA
4472,FKB
9536,FAE
2672,ADA
4053,RTM
1048,NTE
1043,ZRH
6855,SDR
2389,BCN
2308,BGO
2156,BUD
5940,NCE
3079,VAR
213,CRL
6712,VRN
6863,NAP
4679,BRU
7332,MUC
6224,CPH
5015,BLL
5772,MAD
4208,FDH
4192,BFS
4512,TRF
3230,ZAG
4201,BOJ
8157,AGP
373,SKP
7427,TSE
1864,ESB
1945,VKO
5437,IEV
1587,TIV
8469,FRA
1578,DUB
1920,PDL
9198,GYD
3351,KIV
9055,TRD
7122,CLJ
7239,TLL
8009,OLB
5303,BHX
9784,KRS
9500,DME
3380,DRS
2479,VNO
2877,TFS
7805,NUE
1295,GDN
7193,OVD
5703,BGY
2255,ORY
7990,FNC
7665,MSQ
2902,LPL
1335,TLS
6862,TPS
5470,RVN
4402,PUY
9333,AJA
7038,LWO
3452,CIA
5427,GVA
8927,LTN
523,HUY
3810,BIQ
1742,DBV
1871,REU
9090,BOO
4123,ODS
4818,RHO
839,CIY
1829,BJV
5150,BSL
526,GLA
559,EIN
1914,LUG
1293,BRQ
3553,BRN
5557,CTA
3858,AAR
8256,TSF
2673,KUN
178,ZTH
9317,WAW
812,BIO
1926,LYS
5974,PMO
9359,CFU
4008,OSL
1768,BES
9844,AER
2771,ZAZ
5115,FUE
980,LNZ
6607,FMO
6825,LIL
6130,SVG
6948,PMI
7533,GOA
3402,INI
8959,LJU
4625,IST
900,SVX
4607,KBP
8940,XRY
5352,TZX
1927,SEN
6574,OVB
8565,FCO
6443,OST
5542,VLC
9757,SCQ
5023,PFO
4658,HAJ
6560,ALC
2396,PSR
3434,ORK
763,AAL
6919,EXT
3450,BIA
686,MAN
3463,BRS
9737,SXF
5795,FAO
6721,INN
5734,WRO
9522,PIK
7567,VAA
1847,MPL
4297,GRQ
4622,PAD
146,JTR
4985,SPU
7758,NCL
5960,LIS
193,IBZ
7333,ADB
8554,HAM
7225,ACE
2049,PSA
853,MST
2021,ANR
243,OUL
5113,ZAD
8287,TSR
4082,OTP
4936,LPA
8813,OPO
8603,SVQ
1911,ALA
5280,RMU
7877,KGS
2462,LHR
1736,SNN
1708,SOF
8578,EDI
3608,LGG
3703,DTM
9100,BHD
5241,EVN
4270,KSC
5544,LCY
9136,VIE
7999,DUS
3892,HEL
4280,TFN
9338,LUX
104,MMX
3973,MRS
1081,SVO
1858,KIR
3070,TMP
533,SZG
1175,TLN
3342,KEF
7472,SJJ
4678,SAW
9320,GRZ
5669,GRO
1317,RNS
2910,HAU
4212,BMA
8922,NRN
6696,ARN
9274,TXL
7074,TZL
3475,KRK
9996,LBA
7047,AES
4725,BER
7795,RUN
5171,TKU
6540,BEG
4828,PRN
9622,VCE
5968,LED
1527,IAS
5248,JER
7104,JMK
297,BOD
8885,AMS
6830,EGC
9493,LEJ
8222,LIN
7928,BDS
893,BTS
2531,EMA
400,ABZ
689,STN
1804,SXB
5218,TIA
473,CAG
8452,KTW
9956,HER
5969,BRE
8477,POZ
4434,CHQ
819,CDG
6021,MXP
7085,SPC
1723,TOS
6303,MLA
813,BVA
5433,NOC
4657,VST
3581,STR
6538,FSC
5961,AHO
5291,KLU
9798,FMM
7064,GOT
970,DLM
7775,FLR
5549,AOI
2096,TGD
304,RIX
9556,DSA
6852,TRN
1759,SUF
8586,NYO
9628,SKG
7620,TBS
6451,LGW
1632,CGN
1903,SOU
2747,BLQ
806,PRG
6503,LEI
9738,WMI
6415,HHN
7821,AYT
6577,CWL
4965,BRI
4264,PEG
5954,DEB
590,ATH
8859,MAH
1734,LCA
1628,FKB
3393,FAE
4991,ADA
123,RTM
4316,NTE
1463,ZRH
1836,SDR
6444,AGP
885,SKP
5050,TSE
7024,ESB
1917,VKO
9884,IEV
5497,TIV
6149,FRA
5070,DUB
6530,PDL
7718,GYD
3118,KIV
5391,TRD
880,CLJ
2789,TLL
333,OLB
800,BHX
8360,KRS
1429,DME
8984,DRS
1865,VNO
7137,TFS
6932,NUE
8522,GDN
2988,OVD
1141,BGY
404,ORY
2079,FNC
4802,MSQ
6032,LPL
2391,TLS
547,TPS
9946,RVN
997,PUY
1892,AJA
7338,LWO
8568,CIA
1699,GVA
9662,LTN
556,HUY
6770,BIQ
3226,DBV
9177,REU
5035,BOO
4367,ODS
2114,RHO
566,CIY
9999,BJV
8655,BSL
5705,GLA
4513,EIN
6293,LUG
7069,BRQ
9378,BRN
5317,CTA
7449,AAR
1698,TSF
2372,KUN
8752,ZTH
5292,WAW
8897,BIO
4753,LYS
5309,PMO
2338,CFU
5574,OSL
6110,BES
9193,AER
5041,ZAZ
7666,FUE
4819,LNZ
2730,FMO
8590,LIL
3997,SVG
5432,PMI
4174,GOA
5793,INI
5003,LJU
1630,IST
5012,SVX
3955,KBP
1607,XRY
8607,TZX
3959,SEN
2656,OVB
6345,FCO
1672,OST
5901,VLC
1156,SCQ
2181,PFO
7829,HAJ
7395,ALC
181,PSR
1412,ORK
8338,AAL
1137,EXT
9614,BIA
5698,MAN
6990,BRS
3400,SXF
8763,FAO
8841,INN
5104,WRO
3364,PIK
3117,VAA
4340,MPL
8600,GRQ
3556,PAD
7339,JTR
2536,SPU
3042,NCL
4460,LIS
3201,IBZ
7006,ADB
4750,HAM
2075,ACE
5934,PSA
9179,MST
7052,ANR
3669,OUL
3931,ZAD
3729,TSR
7531,OTP
1460,LPA
1211,OPO
1484,SVQ
5589,ALA
1706,RMU
954,KGS
6442,LHR
5563,SNN
8877,SOF
7806,EDI
3171,LGG
889,DTM
3067,BHD
3200,EVN
3085,KSC
9932,LCY
6596,VIE
9747,DUS
5128,HEL
9768,TFN
589,LUX
6793,MMX
7049,MRS
3072,SVO
6119,KIR
7654,TMP
5567,SZG
2989,TLN
2585,KEF
366,SJJ
2476,SAW
8455,GRZ
2322,GRO
6672,RNS
2775,HAU
2045,BMA
3155,NRN
8204,ARN
8917,TXL
5839,TZL
7536,KRK
1798,LBA
6556,AES
4739,BER
32,RUN
1452,TKU
1381,BEG
6567,PRN
1505,VCE
736,LED
1006,IAS
6145,JER
9520,JMK
7771,BOD
875,AMS
4635,EGC
5694,LEJ
637,LIN
4959,BDS
9020,BTS
2762,EMA
3782,ABZ
758,STN
9998,SXB
4833,TIA
5983,CAG
6877,KTW
2975,HER
2527,BRE
5626,POZ
377,CHQ
7125,CDG
5381,MXP
9101,SPC
8621,TOS
4939,MLA
7887,BVA
1235,NOC
9342,VST
4551,STR
8465,FSC
3739,AHO
3502,KLU
728,FMM
456,GOT
7349,DLM
8444,FLR
2731,AOI
5792,TGD
5306,RIX
2630,DSA
3776,TRN
7178,SUF
9657,NYO
1052,SKG
8849,TBS
5139,LGW
2232,CGN
3078,SOU
7560,BLQ
8116,PRG
1850,LEI
8657,WMI
7814,HHN
9447,AYT
5892,CWL
1839,BRI
1815,PEG
7273,DEB
9162,ATH
4832,MAH
7279,LCA
9569,FKB
9372,FAE
4836,ADA
3928,RTM
9154,NTE
4821,ZRH
4854,SDR
685,BCN
1270,BGO
2764,BUD
9732,NCE
8900,VAR
7056,CRL
4483,VRN
6676,NAP
110,BRU
9285,MUC
5958,CPH
1344,BLL
8562,MAD
1342,FDH
6152,BFS
4894,TRF
28,ZAG
8797,BOJ
262,AGP
313,SKP
5871,TSE
3814,ESB
3022,VKO
2053,IEV
7008,TIV
6619,FRA
5390,DUB
4054,PDL
8726,GYD
4602,KIV
1050,TRD
1684,CLJ
1764,TLL
7298,OLB
2385,BHX
9969,KRS
3717,DME
5922,DRS
762,VNO
3449,TFS
8729,NUE
7190,GDN
4899,OVD
1581,BGY
5891,ORY
4506,FNC
6420,MSQ
7028,LPL
2590,TLS
3742,TPS
9980,RVN
7584,PUY
628,AJA
4523,LWO
4642,CIA
5483,GVA
3365,LTN
3357,HUY
8042,BIQ
9576,DBV
5621,REU
4668,BOO
9976,ODS
3526,RHO
5169,CIY
4205,BJV
5484,BSL
3675,GLA
4582,EIN
3425,LUG
5906,BRQ
3927,BRN
8354,CTA
8616,AAR
7741,TSF
487,KUN
8252,ZTH
7230,WAW
7845,BIO
1767,LYS
1510,PMO
6641,CFU
7631,OSL
4901,BES
3476,AER
1730,ZAZ
8960,FUE
1696,LNZ
2280,FMO
4806,LIL
7684,SVG
6229,PMI
831,GOA
8059,INI
3551,LJU
4249,IST
155,SVX
434,KBP
5263,XRY
6525,TZX
1115,SEN
3701,OVB
3957,FCO
6197,OST
6606,VLC
3348,SCQ
604,PFO
6164,HAJ
6507,ALC
1262,PSR
842,ORK
4855,AAL
8564,EXT
8741,BIA
961,MAN
7599,BRS
97,SXF
3325,FAO
6276,INN
7682,WRO
9931,PIK
9761,VAA
5404,MPL
9672,GRQ
1843,PAD
4332,JTR
2969,SPU
351,NCL
2350,LIS
3963,IBZ
7843,ADB
2374,HAM
9584,ACE
8448,PSA
3474,MST
7753,ANR
2170,OUL
8079,ZAD
3460,TSR
3788,OTP
6372,LPA
5310,OPO
7203,SVQ
1483,ALA
6112,RMU
5521,KGS
9675,LHR
3888,SNN
5654,SOF
8739,EDI
8208,LGG
1008,DTM
4656,BHD
5322,EVN
4417,KSC
4219,LCY
7196,VIE
6134,DUS
1406,HEL
2197,TFN
6976,LUX
1652,MMX
464,MRS
5849,SVO
4186,KIR
2345,TMP
8948,SZG
3334,TLN
5250,KEF
7062,SJJ
1248,SAW
6413,GRZ
2289,GRO
8180,RNS
3040,HAU
5179,BMA
1565,NRN
9926,ARN
6718,TXL
6984,TZL
845,KRK
2855,LBA
1291,AES
8386,BER
4080,RUN
9302,TKU
7282,BEG
7778,PRN
9286,VCE
8035,LED
1238,IAS
2402,JER
3767,JMK
219,BOD
2235,AMS
273,EGC
7356,LEJ
3617,LIN
4840,BDS
9629,BTS
6834,EMA
79,ABZ
7240,STN
450,SXB
9929,TIA
6817,CAG
9927,KTW
1711,HER
7975,BRE
4534,POZ
2490,CHQ
3655,CDG
1309,MXP
6178,SPC
7317,TOS
6972,MLA
1851,BVA
9568,NOC
7853,VST
8599,STR
1221,FSC
4777,AHO
4363,KLU
3256,FMM
8828,GOT
6035,DLM
3461,FLR
6050,AOI
7851,TGD
7601,RIX
1716,DSA
9164,TRN
9468,SUF
8207,NYO
6835,SKG
3211,TBS
9658,LGW
9858,CGN
1459,SOU
7736,BLQ
2994,PRG
3757,LEI
5449,WMI
4419,HHN
235,AYT
2292,CWL
4763,BRI
7755,PEG
9767,DEB
1610,ATH
8191,MAH
6220,LCA
5493,FKB
6878,FAE
9971,ADA
7479,RTM
3462,NTE
1560,ZRH
8639,SDR
8272,AGP
3684,SKP
2378,TSE
8653,ESB
7611,VKO
5255,IEV
6262,TIV
2827,FRA
4322,DUB
999,PDL
1041,GYD
6536,KIV
904,TRD
2128,CLJ
4872,TLL
171,OLB
227,BHX
8579,KRS
4684,DME
4003,DRS
9851,VNO
2742,TFS
9309,NUE
8244,GDN
5631,OVD
8028,BGY
7434,ORY
6339,FNC
7312,MSQ
2869,LPL
4616,TLS
8324,TPS
5018,RVN
2774,PUY
8636,AJA
7379,LWO
54,CIA
2393,GVA
1445,LTN
2609,HUY
5281,BIQ
6189,DBV
103,REU
2307,BOO
2159,ODS
525,RHO
5374,CIY
3889,BJV
2913,BSL
8514,GLA
4467,EIN
4842,LUG
810,BRQ
9244,BRN
6621,CTA
6084,AAR
7871,TSF
1398,KUN
1668,ZTH
6341,WAW
9565,BIO
8453,LYS
5613,PMO
36,CFU
1890,OSL
8766,BES
7551,AER
451,ZAZ
8400,FUE
8762,LNZ
7303,FMO
5548,LIL
3860,SVG
1743,PMI
2718,GOA
2600,INI
3712,LJU
7497,IST
3634,SVX
7253,KBP
2912,XRY
8925,TZX
3397,SEN
8721,OVB
9458,FCO
2519,OST
3188,VLC
1286,SCQ
4484,PFO
3361,HAJ
7431,ALC
3711,PSR
6308,ORK
4489,AAL
8224,EXT
960,BIA
5096,MAN
7873,BRS
5273,SXF
9725,FAO
1172,INN
929,WRO
2083,PIK
3221,VAA
7556,MPL
8058,GRQ
2332,PAD
7026,JTR
7740,SPU
1356,NCL
9030,LIS
6356,IBZ
4183,ADB
5126,HAM
5869,ACE
3947,PSA
7168,MST
7948,ANR
2638,OUL
2222,ZAD
5295,TSR
4575,OTP
2689,LPA
4344,OPO
8002,SVQ
7885,ALA
7535,RMU
1149,KGS
2619,LHR
5091,SNN
2749,SOF
5397,EDI
3030,LGG
2533,DTM
4327,BHD
4859,EVN
6133,KSC
7488,LCY
6773,VIE
2738,DUS
6743,HEL
1904,TFN
1895,LUX
495,MMX
7503,MRS
4789,SVO
5447,KIR
6868,TMP
7789,SZG
2370,TLN
1719,KEF
6497,SJJ
5138,SAW
3414,GRZ
7357,GRO
9923,RNS
7576,HAU
3601,BMA
2198,NRN
6396,ARN
5999,TXL
1307,TZL
5591,KRK
3884,LBA
2547,AES
9491,BER
9409,RUN
2840,TKU
6153,BEG
8510,PRN
3665,VCE
9390,LED
9130,IAS
4558,JER
9109,JMK
4661,BOD
9827,AMS
1077,EGC
6261,LEJ
482,LIN
6101,BDS
4591,BTS
4108,EMA
6283,ABZ
4410,STN
1086,SXB
3206,TIA
3960,CAG
9887,KTW
4356,HER
7827,BRE
924,POZ
4531,CHQ
8943,CDG
6478,MXP
5410,SPC
5903,TOS
1756,MLA
731,BVA
4867,NOC
3772,VST
9780,STR
1585,FSC
6296,AHO
4031,KLU
2382,FMM
7041,GOT
5417,DLM
4262,FLR
3898,AOI
6474,TGD
9056,RIX
6549,DSA
4962,TRN
2595,SUF
7558,NYO
7234,SKG
3670,TBS
87,LGW
1515,CGN
169,SOU
5071,BLQ
6890,PRG
4354,LEI
7633,WMI
776,HHN
9640,AYT
2152,CWL
2190,BRI
6781,PEG
5706,DEB
5508,ATH
7573,MAH
4437,LCA
873,FKB
8764,FAE
121,ADA
634,RTM
2441,NTE
5513,ZRH
8139,SDR
944,BCN
2660,BGO
1036,BUD
7803,NCE
4051,VAR
2001,CRL
35,VRN
4152,NAP
602,BRU
1609,MUC
1722,CPH
6640,BLL
5522,MAD
6694,FDH
9566,BFS
8316,TRF
9220,ZAG
1455,BOJ
2394,AGP
1687,SKP
1037,TSE
375,ESB
4897,VKO
6912,IEV
6796,TIV
8661,FRA
1239,DUB
1540,PDL
9251,GYD
933,KIV
6740,TRD
3954,CLJ
7734,TLL
2720,OLB
783,BHX
1608,KRS
1503,DME
9796,DRS
4967,VNO
6151,TFS
3595,NUE
7439,GDN
5726,OVD
6424,BGY
7133,ORY
8521,FNC
2911,MSQ
3299,LPL
5334,TLS
5485,TPS
8403,RVN
8956,PUY
118,AJA
3514,LWO
3099,CIA
5166,GVA
9519,LTN
9415,HUY
2558,BIQ
2412,DBV
7426,REU
231,BOO
4879,ODS
3366,RHO
5642,CIY
1454,BJV
328,BSL
3538,GLA
9054,EIN
2249,LUG
4206,BRQ
4567,BRN
9116,CTA
1538,AAR
5122,TSF
7355,KUN
7034,ZTH
5162,WAW
1331,BIO
6630,LYS
4464,PMO
6727,CFU
8168,OSL
7,BES
2862,AER
3936,ZAZ
7387,FUE
6499,LNZ
8682,FMO
4921,LIL
6123,SVG
9758,PMI
6800,GOA
8351,INI
7615,LJU
664,IST
7380,SVX
8249,KBP
3830,XRY
8538,TZX
8349,SEN
9226,OVB
7667,FCO
4990,OST
8298,VLC
1495,SCQ
5102,PFO
1167,HAJ
1042,ALC
4676,PSR
4193,ORK
9291,AAL
5530,EXT
7680,BIA
5014,MAN
3688,BRS
8698,SXF
3894,FAO
2510,INN
9820,WRO
9216,PIK
5876,VAA
6212,MPL
9432,GRQ
4092,PAD
3996,JTR
8149,SPU
6239,NCL
1929,LIS
5377,IBZ
5650,ADB
5912,HAM
7033,ACE
4927,PSA
3714,MST
9964,ANR
3125,OUL
4384,ZAD
6988,TSR
1946,OTP
2582,LPA
2135,OPO
9174,SVQ
4841,ALA
1143,RMU
7914,KGS
3354,LHR
1545,SNN
1174,SOF
2203,EDI
1512,LGG
268,DTM
3179,BHD
3817,EVN
5213,KSC
1490,LCY
2602,VIE
1746,DUS
2324,HEL
5214,TFN
9439,LUX
7348,MMX
8497,MRS
6915,SVO
9930,KIR
1419,TMP
4612,SZG
6597,TLN
9032,KEF
2082,SJJ
8175,SAW
8140,GRZ
9345,GRO
9140,RNS
4562,HAU
3021,BMA
5208,NRN
4272,ARN
996,TXL
265,TZL
4598,KRK
5405,LBA
9425,AES
1105,BER
6184,RUN
8807,TKU
4379,BEG
168,PRN
9514,VCE
3622,LED
7336,IAS
9343,JER
4681,JMK
2616,BOD
2765,AMS
910,EGC
9701,LEJ
9075,LIN
3457,BDS
2901,BTS
8215,EMA
8806,ABZ
2448,STN
9245,SXB
2586,TIA
4179,CAG
3307,KTW
2543,HER
5264,BRE
7890,POZ
7259,CHQ
1396,CDG
2185,MXP
3459,SPC
4682,TOS
8542,MLA
6241,BVA
5440,NOC
6887,VST
765,STR
6744,FSC
9295,AHO
7909,KLU
1299,FMM
5619,GOT
5514,DLM
9609,FLR
2607,AOI
733,TGD
9152,RIX
9871,DSA
3274,TRN
4929,SUF
9072,NYO
8120,SKG
4491,TBS
3562,LGW
8952,CGN
1835,SOU
3515,BLQ
9221,PRG
554,LEI
8891,WMI
7886,HHN
2694,AYT
8464,CWL
2897,BRI
9014,PEG
5466,DEB
8315,ATH
6513,MAH
8576,LCA
6078,FKB
2248,FAE
4892,ADA
39,RTM
6218,NTE
1821,ZRH
4569,SDR
7222,AGP
4790,SKP
662,TSE
6798,ESB
7465,VKO
8049,IEV
8391,TIV
5597,FRA
6775,DUB
6731,PDL
1031,GYD
6802,KIV
9019,TRD
1033,CLJ
255,TLL
1875,OLB
1019,BHX
2474,KRS
3850,DME
8826,DRS
4380,VNO
6104,TFS
8064,NUE
2005,GDN
640,OVD
4902,BGY
3247,ORY
9711,FNC
1899,MSQ
9424,LPL
3465,TLS
1556,TPS
6957,RVN
5915,PUY
5640,AJA
4225,LWO
2949,CIA
4026,GVA
288,LTN
738,HUY
7213,BIQ
8039,DBV
1375,REU
7164,BOO
7093,ODS
6934,RHO
817,CIY
4103,BJV
949,BSL
7961,GLA
7644,EIN
7810,LUG
2158,BRQ
7077,BRN
7770,CTA
1337,AAR
4680,TSF
4838,KUN
139,ZTH
2705,WAW
6562,BIO
8530,LYS
9942,PMO
7542,CFU
6511,OSL
6306,BES
6973,AER
7382,ZAZ
1656,FUE
466,LNZ
7929,FMO
7557,LIL
4009,SVG
4423,PMI
7945,GOA
250,INI
7572,LJU
3470,IST
4399,SVX
3809,KBP
7756,XRY
4561,TZX
2201,SEN
4532,OVB
9002,FCO
5632,OST
6611,VLC
9604,SCQ
6275,PFO
6681,HAJ
7470,ALC
7757,PSR
9721,ORK
4691,AAL
4199,EXT
2955,BIA
102,MAN
4194,BRS
9559,SXF
1784,FAO
6968,INN
6167,WRO
1014,PIK
4784,VAA
796,MPL
7271,GRQ
9533,PAD
72,JTR
6460,SPU
9762,NCL
6433,LIS
4933,IBZ
5761,ADB
8275,HAM
6386,ACE
6302,PSA
8594,MST
6156,ANR
6888,OUL
5925,ZAD
3768,TSR
9464,OTP
4585,LPA
5092,OPO
6845,SVQ
2575,ALA
1281,RMU
6550,KGS
6245,LHR
696,SNN
6760,SOF
8687,EDI
1772,LGG
6095,DTM
6383,BHD
1782,EVN
3236,KSC
3394,LCY
6404,VIE
1531,DUS
3807,HEL
1023,TFN
8631,LUX
1840,MMX
5529,MRS
4463,SVO
9722,KIR
9885,TMP
2811,SZG
2212,TLN
741,KEF
5520,SJJ
7025,SAW
8429,GRZ
1428,GRO
8779,RNS
46,HAU
3060,BMA
919,NRN
6292,ARN
2787,TXL
5870,TZL
4603,KRK
7550,LBA
7304,AES
1246,BER
8151,RUN
8392,TKU
73,BEG
4389,PRN
355,VCE
7242,LED
2569,IAS
5722,JER
6131,JMK
261,BOD
4613,AMS
5005,EGC
8820,LEJ
2732,LIN
3593,BDS
4190,BTS
4033,EMA
1064,ABZ
868,STN
7000,SXB
2618,TIA
1215,CAG
8221,KTW
7277,HER
9668,BRE
7322,POZ
6735,CHQ
730,CDG
3269,MXP
9472,SPC
6079,TOS
1500,MLA
6926,BVA
484,NOC
4852,VST
569,STR
6529,FSC
5927,AHO
1673,KLU
3220,FMM
2224,GOT
7350,DLM
8428,FLR
233,AOI
7412,TGD
5863,RIX
9789,DSA
485,TRN
6057,SUF
1863,NYO
2498,SKG
3096,TBS
7844,LGW
8864,CGN
5044,SOU
7370,BLQ
2637,PRG
2701,LEI
6361,WMI
3416,HHN
5791,AYT
4900,CWL
1226,BRI
8187,PEG
91,DEB
9371,ATH
3441,MAH
2058,LCA
7816,FKB
6030,FAE
2138,ADA
7287,RTM
5596,NTE
8777,ZRH
5570,SDR
2770,BCN
6074,BGO
7266,BUD
532,NCE
7903,VAR
5283,CRL
7432,VRN
7937,NAP
5235,BRU
976,MUC
897,CPH
1522,BLL
6477,MAD
9833,FDH
6190,BFS
3289,TRF
1935,ZAG
4386,BOJ
461,AGP
9610,SKP
499,TSE
5056,ESB
4465,VKO
3820,IEV
8866,TIV
3362,FRA
1007,DUB
1874,PDL
4533,GYD
3499,KIV
4898,TRD
4573,CLJ
6822,TLL
3867,OLB
6146,BHX
9854,KRS
8313,DME
6450,DRS
9437,VNO
2806,TFS
5519,NUE
4758,GDN
8947,OVD
2541,BGY
8294,ORY
8910,FNC
3566,MSQ
4932,LPL
96,TLS
4977,TPS
3266,RVN
3587,PUY
7254,AJA
9031,LWO
8899,CIA
2295,GVA
820,LTN
7872,HUY
679,BIQ
8812,DBV
9667,REU
2202,BOO
7637,ODS
5911,RHO
1378,CIY
5257,BJV
654,BSL
3779,GLA
759,EIN
258,LUG
19,BRQ
2084,BRN
5971,CTA
398,AAR
9717,TSF
3084,KUN
6082,ZTH
9633,WAW
5416,BIO
3430,LYS
2357,PMO
5033,CFU
3156,OSL
5262,BES
9816,AER
1678,ZAZ
3002,FUE
8004,LNZ
2801,FMO
1533,LIL
5852,SVG
5502,PMI
6274,GOA
7375,INI
7151,LJU
164,IST
5854,SVX
6930,KBP
2287,XRY
1959,TZX
1644,SEN
4566,OVB
7425,FCO
7932,OST
4653,VLC
7512,SCQ
1739,PFO
6111,HAJ
5814,ALC
6783,PSR
9978,ORK
2172,AAL
5645,EXT
9073,BIA
6636,MAN
7401,BRS
2451,SXF
7773,FAO
403,INN
5828,WRO
2678,PIK
1355,VAA
3523,MPL
6997,GRQ
6217,PAD
8628,JTR
1657,SPU
2040,NCL
4070,LIS
5778,IBZ
2938,ADB
2113,HAM
7830,ACE
4366,PSA
7175,MST
8760,ANR
6038,OUL
3614,ZAD
7920,TSR
8411,OTP
8512,LPA
8159,OPO
6282,SVQ
4058,ALA
1078,RMU
9538,KGS
2889,LHR
4955,SNN
9380,SOF
3153,EDI
3094,LGG
1882,DTM
9743,BHD
8804,EVN
7489,KSC
2924,LCY
1230,VIE
3930,DUS
1947,HEL
4690,TFN
1430,LUX
5120,MMX
8642,MRS
1402,SVO
9004,KIR
6181,TMP
5930,SZG
8402,TLN
2319,KEF
7859,SJJ
9067,SAW
179,GRZ
7227,GRO
2194,RNS
2836,HAU
9346,BMA
2819,NRN
4989,ARN
5635,TXL
9856,TZL
6422,KRK
7296,LBA
6208,AES
6889,BER
5284,RUN
2520,TKU
5307,BEG
8098,PRN
6317,VCE
7521,LED
6895,IAS
967,JER
821,JMK
9660,BOD
6663,AMS
9906,EGC
1968,LEJ
5238,LIN
3528,BDS
6821,BTS
8438,EMA
871,ABZ
6648,STN
7874,SXB
5741,TIA
329,CAG
5366,KTW
2188,HER
5980,BRE
1224,POZ
8085,CHQ
127,CDG
6310,MXP
5779,SPC
939,TOS
3489,MLA
6924,BVA
7548,NOC
3555,VST
1422,STR
5468,FSC
1303,AHO
7822,KLU
5190,FMM
9528,GOT
5477,DLM
1568,FLR
9241,AOI
8725,TGD
3501,RIX
5746,DSA
8957,TRN
3333,SUF
8312,NYO
438,SKG
7147,TBS
1953,LGW
5395,CGN
5320,SOU
8334,BLQ
2470,PRG
4895,LEI
7505,WMI
2846,HHN
7115,AYT
3472,CWL
5755,BRI
9548,PEG
1110,DEB
6284,ATH
2011,MAH
2818,LCA
3160,FKB
4601,FAE
795,ADA
349,RTM
5312,NTE
7616,ZRH
6732,SDR
7502,AGP
7607,SKP
7520,TSE
9832,ESB
6719,VKO
9665,IEV
5564,TIV
7306,FRA
4796,DUB
5036,PDL
2422,GYD
5000,KIV
9410,TRD
6927,CLJ
1974,TLL
2808,OLB
8299,BHX
5627,KRS
5420,DME
8934,DRS
2364,VNO
5525,TFS
2853,NUE
7204,GDN
2257,OVD
7687,BGY
2110,ORY
7385,FNC
8070,MSQ
1814,LPL
4381,TLS
9915,TPS
8592,RVN
4564,PUY
4429,AJA
9092,LWO
7126,CIA
7609,GVA
5298,LTN
1962,HUY
9284,BIQ
4504,DBV
5719,REU
9905,BOO
7377,ODS
249,RHO
9484,CIY
1446,BJV
7369,BSL
4514,GLA
7113,EIN
4509,LUG
6332,BRQ
5884,BRN
316,CTA
132,AAR
7065,TSF
7146,KUN
3902,ZTH
2509,WAW
3152,BIO
721,LYS
1216,PMO
8895,CFU
8033,OSL
3755,BES
2532,AER
8113,ZAZ
6871,FUE
5311,LNZ
2790,FMO
9121,LIL
8524,SVG
9005,PMI
1856,GOA
6461,INI
50,LJU
6327,IST
3702,SVX
5995,KBP
9934,XRY
8443,TZX
9674,SEN
4392,OVB
5883,FCO
8676,OST
2236,VLC
2225,SCQ
9523,PFO
8712,HAJ
69,ALC
4047,PSR
2986,ORK
2612,AAL
203,EXT
3799,BIA
2489,MAN
3255,BRS
5585,SXF
3271,FAO
4372,INN
3447,WRO
1596,PIK
4455,VAA
5676,MPL
4542,GRQ
5124,PAD
7194,JTR
6359,SPU
4038,NCL
59,LIS
2791,IBZ
7614,ADB
3610,HAM
3360,ACE
9025,PSA
8605,MST
4526,ANR
7513,OUL
9492,ZAD
7167,TSR
6839,OTP
4844,LPA
9710,OPO
8176,SVQ
9363,ALA
1807,RMU
7809,KGS
1969,LHR
8169,SNN
4214,SOF
8858,EDI
7099,LGG
4382,DTM
6126,BHD
2099,EVN
3186,KSC
248,LCY
6223,VIE
5220,DUS
2483,HEL
2418,TFN
4619,LUX
207,MMX
3059,MRS
2736,SVO
9994,KIR
5593,TMP
1514,SZG
463,TLN
6758,KEF
8283,SJJ
4060,SAW
1619,GRZ
8817,GRO
698,RNS
2728,HAU
9515,BMA
5350,NRN
539,ARN
8158,TXL
1095,TZL
7473,KRK
9201,LBA
2635,AES
9145,BER
8480,RUN
2403,TKU
2725,BEG
5711,PRN
242,VCE
3780,LED
3077,IAS
9248,JER
6974,JMK
6155,BOD
2484,AMS
3466,EGC
7967,LEJ
4820,LIN
8705,BDS
1442,BTS
236,EMA
6148,ABZ
5819,STN
2752,SXB
1204,TIA
6470,CAG
4671,KTW
5165,HER
5690,BRE
294,POZ
7831,CHQ
3051,CDG
3374,MXP
4223,SPC
4,TOS
5129,MLA
8345,BVA
2471,NOC
4913,VST
5972,STR
4726,FSC
8473,AHO
4203,KLU
3421,FMM
3869,GOT
5707,DLM
3836,FLR
9431,AOI
4222,TGD
1409,RIX
5534,DSA
613,TRN
8809,SUF
8182,NYO
5216,SKG
6531,TBS
9256,LGW
4030,CGN
5647,SOU
9937,BLQ
5956,PRG
583,LEI
8099,WMI
650,HHN
8115,AYT
9360,CWL
1166,BRI
754,PEG
8172,DEB
6956,ATH
9941,MAH
5882,LCA
4945,FKB
4947,FAE
8650,ADA
6667,RTM
7618,NTE
8286,ZRH
9638,SDR
7709,BCN
8414,BGO
4246,BUD
4713,NCE
8125,VAR
2331,CRL
3628,VRN
2141,NAP
8535,BRU
608,MUC
6669,CPH
2060,BLL
4218,MAD
4294,FDH
5030,BFS
3764,TRF
768,ZAG
3878,BOJ
1803,AGP
7061,SKP
8363,TSE
9876,ESB
3413,VKO
2560,IEV
1932,TIV
1720,FRA
5103,DUB
225,PDL
760,GYD
5037,KIV
5340,TRD
9765,CLJ
1750,TLL
9210,OLB
6382,BHX
9666,KRS
8547,DME
3308,DRS
611,VNO
6500,TFS
9744,NUE
8357,GDN
8632,OVD
5655,BGY
1923,ORY
9050,FNC
5820,MSQ
895,LPL
8292,TLS
2599,TPS
5978,RVN
9187,PUY
4133,AJA
4843,LWO
105,CIA
2991,GVA
2982,LTN
6067,HUY
4375,BIQ
790,DBV
2839,REU
1965,BOO
3063,ODS
4328,RHO
510,CIY
5022,BJV
4926,BSL
771,GLA
4361,EIN
8369,LUG
1259,BRQ
8953,BRN
7566,CTA
8314,AAR
5474,TSF
9486,KUN
6666,ZTH
9900,WAW
5123,BIO
2178,LYS
8050,PMO
3547,CFU
9084,OSL
3728,BES
1187,AER
5299,ZAZ
5875,FUE
4072,LNZ
6913,FMO
1957,LIL
9865,SVG
8127,PMI
4633,GOA
2478,INI
4115,LJU
3635,IST
8024,SVX
7149,KBP
7278,XRY
5462,TZX
5443,SEN
14,OVB
4149,FCO
476,OST
5909,VLC
7525,SCQ
2525,PFO
9811,HAJ
2472,ALC
1693,PSR
6326,ORK
1059,AAL
9304,EXT
2608,BIA
6965,MAN
9009,BRS
1431,SXF
2581,FAO
8479,INN
2653,WRO
6040,PIK
9007,VAA
859,MPL
1318,GRQ
3694,PAD
3264,JTR
5294,SPU
584,NCL
9215,LIS
6256,IBZ
9205,ADB
6142,HAM
5914,ACE
1316,PSA
4454,MST
4835,ANR
6829,OUL
8856,ZAD
173,TSR
2529,OTP
8013,LPA
7392,OPO
3512,SVQ
792,ALA
4357,RMU
784,KGS
4501,LHR
6015,SNN
5226,SOF
2123,EDI
3352,LGG
1682,DTM
2760,BHD
8708,EVN
3169,KSC
8756,LCY
7453,VIE
6328,DUS
7931,HEL
7216,TFN
4285,LUX
150,MMX
6691,MRS
943,SVO
6061,KIR
1294,TMP
926,SZG
6398,TLN
7320,KEF
8359,SJJ
9593,SAW
3405,GRZ
5353,GRO
4446,RNS
4263,HAU
1302,BMA
7474,NRN
2906,ARN
7165,TXL
9021,TZL
4403,KRK
2477,LBA
9234,AES
3648,BER
240,RUN
4210,TKU
4907,BEG
8867,PRN
217,VCE
5601,LED
3719,IAS
9838,JER
538,JMK
8773,BOD
9804,AMS
6544,EGC
9249,LEJ
5864,LIN
2460,BDS
8583,BTS
3448,EMA
8052,ABZ
9881,STN
1709,SXB
6139,TIA
2209,CAG
4305,KTW
7102,HER
6787,BRE
6935,POZ
4346,CHQ
6904,CDG
7912,MXP
8290,SPC
4935,TOS
8908,MLA
5495,BVA
9280,NOC
7145,VST
3404,STR
2847,FSC
1350,AHO
5039,KLU
6599,FMM
5511,GOT
1209,DLM
3081,FLR
5686,AOI
7575,TGD
6992,RIX
7010,DSA
7612,TRN
8753,SUF
6673,NYO
6254,SKG
3535,TBS
9785,LGW
7783,CGN
4029,SOU
6252,BLQ
7501,PRG
3647,LEI
6986,WMI
6880,HHN
8915,AYT
6958,CWL
2737,BRI
1083,PEG
6213,DEB
3519,ATH
9442,MAH
3612,LCA
7237,FKB
6552,FAE
4191,ADA
4313,RTM
9586,NTE
3239,ZRH
3204,SDR
5234,AGP
4495,SKP
5747,TSE
4507,ESB
2813,VKO
437,IEV
3140,TIV
7073,FRA
7295,DUB
5229,PDL
8261,GYD
6100,KIV
8532,TRD
5681,CLJ
9247,TLL
2310,OLB
9627,BHX
6236,KRS
8810,DME
5894,DRS
8695,VNO
2592,TFS
847,NUE
7283,GDN
2397,OVD
6342,BGY
8112,ORY
8997,FNC
5168,MSQ
1314,LPL
7236,TLS
3949,TPS
6400,RVN
25,PUY
3704,AJA
5067,LWO
9483,CIA
3319,GVA
9587,LTN
3808,HUY
3989,BIQ
8088,DBV
7554,REU
5816,BOO
8329,ODS
1662,RHO
4593,CIY
6053,BJV
7373,BSL
9185,GLA
136,EIN
5700,LUG
2642,BRQ
4909,BRN
6628,CTA
2796,AAR
9267,TSF
2540,KUN
2261,ZTH
5164,WAW
5249,BIO
3482,LYS
1171,PMO
9952,CFU
3381,OSL
414,BES
1146,AER
667,ZAZ
449,FUE
9839,LNZ
4922,FMO
899,LIL
1108,SVG
8617,PMI
1120,GOA
1600,INI
1665,LJU
8647,IST
4519,SVX
5773,KBP
8481,XRY
4580,TZX
307,SEN
2505,OVB
5670,FCO
1289,OST
706,VLC
2579,SCQ
2219,PFO
2503,HAJ
8842,ALC
3685,PSR
6767,ORK
8534,AAL
2444,EXT
5948,BIA
4129,MAN
4081,BRS
1100,SXF
3128,FAO
8792,INN
6954,WRO
3604,PIK
9325,VAA
9546,MPL
2499,GRQ
4905,PAD
9670,JTR
3835,SPU
7768,NCL
6216,LIS
5130,IBZ
7284,ADB
5069,HAM
489,ACE
3445,PSA
131,MST
6414,ANR
6483,OUL
3086,ZAD
8874,TSR
5939,OTP
2293,LPA
4634,OPO
1757,SVQ
1320,ALA
8799,RMU
7594,KGS
7706,LHR
241,SNN
357,SOF
9889,EDI
6199,LGG
6198,DTM
9653,BHD
7229,EVN
2556,KSC
6707,LCY
1021,VIE
3229,DUS
6622,HEL
8165,TFN
4048,LUX
5937,MMX
861,MRS
5691,SVO
9026,KIR
7976,TMP
5327,SZG
4258,TLN
816,KEF
4830,SJJ
1079,SAW
2741,GRZ
109,GRO
6789,RNS
6020,HAU
1740,BMA
524,NRN
6819,ARN
6658,TXL
5538,TZL
9542,KRK
1129,LBA
5118,AES
9254,BER
644,RUN
2654,TKU
6575,BEG
6860,PRN
3115,VCE
7504,LED
2421,IAS
5801,JER
8994,JMK
5946,BOD
5661,AMS
6024,EGC
4609,LEJ
9617,LIN
6349,BDS
6423,BTS
7794,EMA
5846,ABZ
4709,STN
5798,SXB
6582,TIA
617,CAG
2768,KTW
5643,HER
9968,BRE
995,POZ
9010,CHQ
1569,CDG
1416,MXP
9995,SPC
3700,TOS
9866,MLA
4494,BVA
5215,NOC
4811,VST
9579,STR
7668,FSC
2942,AHO
5527,KLU
8727,FMM
7839,GOT
9405,DLM
3966,FLR
1488,AOI
1280,TGD
9841,RIX
4265,DSA
7562,TRN
9883,SUF
4368,NYO
6475,SKG
3191,TBS
198,LGW
9503,CGN
5674,SOU
413,BLQ
2646,PRG
4461,LEI
7897,WMI
9637,HHN
1915,AYT
8995,CWL
3606,BRI
9253,PEG
8468,DEB
1026,ATH
8722,MAH
2390,LCA
7148,FKB
3408,FAE
5879,ADA
9340,RTM
5992,NTE
6576,ZRH
7545,SDR
4946,BCN
6162,BGO
4310,BUD
2169,NCE
5554,VAR
3804,CRL
6751,VRN
5721,NAP
1164,BRU
419,MUC
2894,CPH
4617,BLL
2650,MAD
1902,FDH
8986,BFS
5064,TRF
636,ZAG
4406,BOJ
7456,AGP
7511,SKP
4928,TSE
9279,ESB
595,VKO
9776,IEV
9485,TIV
2165,FRA
6136,DUB
5862,PDL
9625,GYD
7393,KIV
7559,TRD
2061,CLJ
9525,TLL
1958,OLB
8818,BHX
3775,KRS
1458,DME
9518,DRS
4547,VNO
2329,TFS
6686,NUE
1252,GDN
8361,OVD
9066,BGY
3598,ORY
125,FNC
2458,MSQ
3027,LPL
9543,TLS
8933,TPS
5718,RVN
153,PUY
2004,AJA
8876,LWO
2438,CIA
2497,GVA
3724,LTN
3048,HUY
729,BIQ
5172,DBV
6431,REU
9358,BOO
9902,ODS
6795,RHO
1045,CIY
7459,BJV
891,BSL
7774,GLA
468,EIN
575,LUG
3733,BRQ
4324,BRN
4686,CTA
3026,AAR
7992,TSF
8234,KUN
189,ZTH
6028,WAW
1306,BIO
1346,LYS
8805,PMO
2936,CFU
5360,OSL
2360,BES
1453,AER
7330,ZAZ
952,FUE
7368,LNZ
7228,FMO
4112,LIL
2605,SVG
7053,PMI
9781,GOA
9441,INI
7916,LJU
3825,IST
723,SVX
2978,KBP
2979,XRY
2823,TZX
1372,SEN
6711,OVB
5019,FCO
2668,OST
5384,VLC
9991,SCQ
5191,PFO
2323,HAJ
8014,ALC
4163,PSR
3068,ORK
9534,AAL
2023,EXT
2044,BIA
303,MAN
9038,BRS
5566,SXF
2288,FAO
3605,INN
5790,WRO
8266,PIK
7361,VAA
1611,MPL
3683,GRQ
1131,PAD
4330,JTR
8390,SPU
7160,NCL
3203,LIS
9574,IBZ
5659,ADB
8254,HAM
5062,ACE
1729,PSA
5127,MST
401,ANR
281,OUL
301,ZAD
2521,TSR
8225,OTP
9034,LPA
5259,OPO
8894,SVQ
5780,ALA
8962,RMU
8136,KGS
6739,LHR
5414,SNN
822,SOF
8437,EDI
6234,LGG
6412,DTM
8918,BHD
8416,EVN
6464,KSC
5724,LCY
5335,VIE
1553,DUS
9544,HEL
4173,TFN
718,LUX
7941,MMX
3633,MRS
5768,SVO
7341,KIR
7714,TMP
4829,SZG
694,TLN
863,KEF
7166,SJJ
2361,SAW
6103,GRZ
5664,GRO
1136,RNS
7935,HAU
6270,BMA
3479,NRN
1029,ARN
7848,TXL
9272,TZL
1776,KRK
1575,LBA
8321,AES
2952,BER
221,RUN
9065,TKU
2124,BEG
8951,PRN
6618,VCE
3847,LED
6243,IAS
643,JER
6827,JMK
1051,BOD
3840,AMS
4981,EGC
3432,LEJ
9040,LIN
6338,BDS
9456,BTS
3521,EMA
5451,ABZ
3065,STN
1885,SXB
3862,TIA
2326,CAG
6203,KTW
5899,HER
9748,BRE
9457,POZ
1022,CHQ
1832,CDG
2191,MXP
1122,SPC
1102,TOS
7063,MLA
7297,BVA
358,NOC
9849,VST
9430,STR
7900,FSC
701,AHO
3906,KLU
4801,FMM
6678,GOT
4764,DLM
1181,FLR
3033,AOI
9600,TGD
289,RIX
4960,DSA
8161,TRN
2407,SUF
4893,NYO
7268,SKG
1819,TBS
2696,LGW
892,CGN
7730,SOU
8475,BLQ
232,PRG
692,LEI
739,WMI
3545,HHN
4525,AYT
113,CWL
9782,BRI
2103,PEG
3777,DEB
1633,ATH
8619,MAH
8515,LCA
4675,FKB
6520,FAE
7495,ADA
3653,RTM
1934,NTE
3673,ZRH
9516,SDR
7526,AGP
6893,SKP
652,TSE
535,ESB
9105,VKO
5577,IEV
565,TIV
300,FRA
1952,DUB
2274,PDL
3443,GYD
7482,KIV
9594,TRD
7321,CLJ
2122,TLL
1629,OLB
4903,BHX
5486,KRS
6479,DME
2802,DRS
4016,VNO
6279,TFS
202,NUE
2174,GDN
9680,OVD
865,BGY
266,ORY
2102,FNC
7939,MSQ
7807,LPL
3619,TLS
7826,TPS
2069,RVN
2408,PUY
305,AJA
80,LWO
4636,CIA
1721,GVA
7969,LTN
1595,HUY
683,BIQ
9308,DBV
9169,REU
2034,BOO
5026,ODS
4345,RHO
876,CIY
5043,BJV
6143,BSL
7170,GLA
4075,EIN
3754,LUG
5418,BRQ
8903,BRN
1415,CTA
2344,AAR
7004,TSF
1418,KUN
9651,ZTH
7841,WAW
7996,BIO
6260,LYS
6135,PMO
3252,CFU
9190,OSL
1005,BES
4117,AER
7396,ZAZ
6449,FUE
7206,LNZ
699,FMO
5660,LIL
8553,SVG
362,PMI
4663,GOA
8306,INI
8126,LJU
4799,IST
5337,SVX
5253,KBP
3407,XRY
7484,TZX
2260,SEN
1271,OVB
7417,FCO
2354,OST
3225,VLC
1267,SCQ
4677,PFO
5866,HAJ
1995,ALC
6416,PSR
5153,ORK
3929,AAL
8054,EXT
3316,BIA
1426,MAN
8504,BRS
1244,SXF
5157,FAO
3008,INN
6291,WRO
5269,PIK
3253,VAA
4318,MPL
8896,GRQ
4538,PAD
4296,JTR
670,SPU
560,NCL
2876,LIS
7852,IBZ
2299,ADB
5203,HAM
5633,ACE
4974,PSA
9265,MST
1868,ANR
3075,OUL
940,ZAD
697,TSR
1761,OTP
6144,LPA
4369,OPO
9074,SVQ
9495,ALA
4235,RMU
5874,KGS
8173,LHR
553,SNN
8865,SOF
4846,EDI
1190,LGG
1339,DTM
4863,BHD
2865,EVN
4041,KSC
6480,LCY
5678,VIE
4451,DUS
5539,HEL
2177,TFN
5275,LUX
4911,MMX
5202,MRS
8873,SVO
9875,KIR
5586,TMP
7121,SZG
8852,TLN
6007,KEF
3456,SJJ
5473,SAW
710,GRZ
5221,GRO
2929,RNS
2645,HAU
8816,BMA
3219,NRN
3172,ARN
9647,TXL
8645,TZL
5784,KRK
6650,LBA
3818,AES
6297,BER
9384,RUN
4620,TKU
9979,BEG
2867,PRN
187,VCE
1623,LED
2303,IAS
8710,JER
5858,JMK
8348,BOD
2716,AMS
2665,EGC
5135,LEJ
9909,LIN
7998,BDS
7824,BTS
8963,EMA
5569,ABZ
511,STN
126,SXB
9446,TIA
4229,CAG
6455,KTW
9648,HER
2734,BRE
2559,POZ
2845,CHQ
7016,CDG
6897,MXP
2085,SPC
7288,TOS
2282,MLA
378,BVA
1880,NOC
5053,VST
5671,STR
3164,FSC
1176,AHO
1423,KLU
5843,FMM
5182,GOT
4260,DLM
1032,FLR
7404,AOI
6884,TGD
9029,RIX
7152,DSA
7840,TRN
4482,SUF
2492,NYO
2482,SKG
5794,TBS
1440,LGW
7596,CGN
1635,SOU
9580,BLQ
7962,PRG
477,LEI
7048,WMI
4231,HHN
2252,AYT
3798,CWL
3787,BRI
5602,PEG
2603,DEB
8162,ATH
9972,MAH
3790,LCA
4727,FKB
2548,FAE
8780,ADA
4025,RTM
1441,NTE
1163,ZRH
5872,SDR
5464,BCN
1098,BGO
2545,BUD
6705,NCE
3965,VAR
9921,CRL
7926,VRN
4243,NAP
5175,BRU
2018,MUC
2278,CPH
5242,BLL
3324,MAD
6036,FDH
4336,BFS
4696,TRF
9736,ZAG
5265,BOJ
3144,AGP
481,SKP
7791,TSE
4670,ESB
5231,VKO
134,IEV
6608,TIV
8228,FRA
8295,DUB
3372,PDL
7411,GYD
6367,KIV
1648,TRD
4044,CLJ
2204,TLL
7605,OLB
4804,BHX
8802,KRS
5888,DME
9469,DRS
6399,VNO
5736,TFS
4510,NUE
6551,GDN
4687,OVD
8486,BGY
1535,ORY
4269,FNC
1688,MSQ
2065,LPL
3250,TLS
9896,TPS
7546,RVN
1683,PUY
8129,AJA
9913,LWO
7574,CIA
1634,GVA
9373,LTN
3624,HUY
74,BIQ
7905,DBV
3923,REU
509,BOO
3789,ODS
6,RHO
2369,CIY
2139,BJV
2809,BSL
8164,GLA
7524,EIN
4122,LUG
8030,BRQ
41,BRN
713,CTA
3464,AAR
516,TSF
3549,KUN
2794,ZTH
2841,WAW
3631,BIO
6704,LYS
5813,PMO
2893,CFU
580,OSL
5505,BES
720,AER
564,ZAZ
4021,FUE
8723,LNZ
247,FMO
3695,LIL
5572,SVG
311,PMI
5105,GOA
5285,INI
2434,LJU
8303,IST
4770,SVX
9563,KBP
7274,XRY
7017,TZX
7710,SEN
1155,OVB
663,FCO
6081,OST
6824,VLC
1992,SCQ
4535,PFO
208,HAJ
1618,ALC
322,PSR
2320,ORK
4627,AAL
4005,EXT
6812,BIA
2513,MAN
8405,BRS
9233,SXF
1493,FAO
2634,INN
4151,WRO
4373,PIK
5085,VAA
9122,MPL
6541,GRQ
7965,PAD
8422,JTR
8143,SPU
4164,NCL
3904,LIS
3451,IBZ
1544,ADB
3378,HAM
3770,ACE
3315,PSA
8095,MST
7713,ANR
6390,OUL
9573,ZAD
8755,TSR
6553,OTP
4850,LPA
528,OPO
1039,SVQ
2014,ALA
2817,RMU
5886,KGS
1474,LHR
2387,SNN
2726,SOF
9155,EDI
9490,LGG
6940,DTM
5929,BHD
544,EVN
7732,KSC
9886,LCY
2606,VIE
4459,DUS
5339,HEL
1113,TFN
2629,LUX
8304,MMX
7177,MRS
2849,SVO
8430,KIR
890,TMP
3298,SZG
5342,TLN
6219,KEF
3761,SJJ
3982,SAW
1012,GRZ
4952,GRO
7200,RNS
3932,HAU
6147,BMA
6725,NRN
7138,ARN
8863,TXL
7623,TZL
237,KRK
1846,LBA
9581,AES
6362,BER
6715,RUN
3636,TKU
2617,BEG
9754,PRN
5494,VCE
7952,LED
3127,IAS
3473,JER
2015,JMK
360,BOD
7588,AMS
3972,EGC
780,LEJ
2874,LIN
906,BDS
7776,BTS
5082,EMA
9444,ABZ
3976,STN
8946,SXB
3214,TIA
945,CAG
5199,KTW
5442,HER
1731,BRE
4873,POZ
6321,CHQ
9766,CDG
8108,MXP
1909,SPC
3864,TOS
6397,MLA
5714,BVA
4267,NOC
9315,VST
75,STR
1752,FSC
3651,AHO
8237,KLU
561,FMM
1272,GOT
1179,DLM
8425,FLR
1044,AOI
6055,TGD
2781,RIX
2346,DSA
5277,TRN
9733,SUF
5059,NYO
1861,SKG
6854,TBS
9337,LGW
220,CGN
9133,SOU
3822,BLQ
1010,PRG
3778,LEI
1464,WMI
2431,HHN
5389,AYT
2071,CWL
2430,BRI
5496,PEG
9592,DEB
8520,ATH
1650,MAH
1857,LCA
8494,FKB
4706,FAE
2043,ADA
9293,RTM
8703,NTE
1257,ZRH
431,SDR
4383,AGP
7606,SKP
176,TSE
5509,ESB
6856,VKO
3506,IEV
3000,TIV
6027,FRA
598,DUB
3016,PDL
5935,GYD
7812,KIV
4276,TRD
6716,CLJ
472,TLL
3197,OLB
4608,BHX
7091,KRS
2960,DME
6495,DRS
7630,VNO
5324,TFS
3518,NUE
3279,GDN
6748,OVD
1284,BGY
5584,ORY
4615,FNC
911,MSQ
916,LPL
7923,TLS
7097,TPS
6476,RVN
3667,PUY
161,AJA
9558,LWO
3331,CIA
3543,GVA
4486,LTN
9894,HUY
5286,BIQ
9240,DBV
1689,REU
4734,BOO
1245,ODS
9912,RHO
2965,CIY
6929,BJV
8671,BSL
6656,GLA
8660,EIN
8203,LUG
9615,BRQ
4522,BRN
9606,CTA
8857,AAR
1145,TSF
491,KUN
907,ZTH
5716,WAW
5709,BIO
6160,LYS
1159,PMO
6659,CFU
757,OSL
306,BES
7250,AER
9324,ZAZ
2494,FUE
7221,LNZ
9236,FMO
345,LIL
9590,SVG
5651,PMI
7762,GOA
4941,INI
8662,LJU
1421,IST
2041,SVX
3419,KBP
1939,XRY
4856,TZX
1173,SEN
9389,OVB
1827,FCO
917,OST
6092,VLC
3406,SCQ
7858,PFO
9165,HAJ
7233,ALC
8711,PSR
4067,ORK
7894,AAL
1785,EXT
2137,BIA
9489,MAN
7480,BRS
4694,SXF
4773,FAO
1088,INN
772,WRO
6846,PIK
2352,VAA
8693,MPL
212,GRQ
8745,PAD
7238,JTR
1918,SPU
7703,NCL
962,LIS
1534,IBZ
1379,ADB
740,HAM
5351,ACE
1671,PSA
4503,MST
615,ANR
3845,OUL
3571,ZAD
1185,TSR
2933,OTP
8166,LPA
4287,OPO
106,SVQ
285,ALA
8508,RMU
5712,KGS
866,LHR
3958,SNN
4200,SOF
9173,EDI
8340,LGG
5489,DTM
497,BHD
6161,EVN
5788,KSC
1351,LCY
6601,VIE
5652,DUS
452,HEL
7418,TFN
8062,LUX
1468,MMX
9454,MRS
8814,SVO
577,KIR
8507,TMP
4102,SZG
3552,TLN
550,KEF
7869,SJJ
6660,SAW
2743,GRZ
8196,GRO
2447,RNS
4712,HAU
6107,BMA
8649,NRN
1838,ARN
8404,TXL
8574,TZL
5403,KRK
5618,LBA
6086,AES
9499,BER
8284,RUN
3500,TKU
8597,BEG
384,PRN
6064,VCE
6595,LED
3516,IAS
3953,JER
3383,JMK
1872,BOD
5895,AMS
3644,EGC
620,LEJ
4605,LIN
214,BDS
2872,BTS
1541,EMA
397,ABZ
6485,STN
5372,SXB
6600,TIA
2136,CAG
7751,KTW
1114,HER
4743,BRE
7888,POZ
486,CHQ
3154,CDG
2881,MXP
5304,SPC
7192,TOS
6692,MLA
7800,BVA
2733,NOC
1462,VST
1069,STR
7963,FSC
4376,AHO
7838,KLU
6564,FMM
2702,GOT
8141,DLM
1250,FLR
6546,AOI
8309,TGD
4185,RIX
7220,DSA
4757,TRN
7987,SUF
5817,NYO
7458,SKG
2147,TBS
9035,LGW
9723,CGN
5336,SOU
292,BLQ
3484,PRG
2659,LEI
4079,WMI
6939,HHN
1383,AYT
4881,CWL
5769,BRI
1273,PEG
8783,DEB
6797,ATH
2221,MAH
8742,LCA
7261,FKB
3854,FAE
9498,ADA
5826,RTM
5469,NTE
1933,ZRH
9873,SDR
1496,BCN
3876,BGO
27,BUD
5515,NCE
2500,VAR
4037,CRL
4171,VRN
9063,NAP
4628,BRU
942,MUC
6047,CPH
4890,BLL
4857,MAD
4100,FDH
5272,BFS
2022,TRF
2116,ZAG
1093,BOJ
5481,AGP
6741,SKP
5487,TSE
2662,ESB
3433,VKO
5731,IEV
2597,TIV
335,FRA
4139,DUB
1597,PDL
5804,GYD
6059,KIV
2518,TRD
5083,CLJ
7743,TLL
1073,OLB
805,BHX
5966,KRS
1777,DME
5867,DRS
7478,VNO
7670,TFS
6434,NUE
6505,GDN
815,OVD
9752,BGY
7084,ORY
9480,FNC
7172,MSQ
11,LPL
4087,TLS
5089,TPS
6733,RVN
3723,PUY
5388,AJA
8620,LWO
3303,CIA
8838,GVA
1210,LTN
1961,HUY
6603,BIQ
7358,DBV
7595,REU
1718,BOO
9113,ODS
3561,RHO
5688,CIY
2866,BJV
471,BSL
6209,GLA
465,EIN
9006,LUG
2455,BRQ
5188,BRN
8104,CTA
9521,AAR
8376,TSF
7211,KUN
7833,ZTH
7267,WAW
6493,BIO
2977,LYS
4984,PMO
9017,CFU
512,OSL
5011,BES
2420,AER
5315,ZAZ
6865,FUE
1085,LNZ
57,FMO
6747,LIL
1243,SVG
2766,PMI
9671,GOA
8746,INI
7675,LJU
4302,IST
1744,SVX
4666,KBP
1592,XRY
5098,TZX
5541,SEN
6429,OVB
5949,FCO
7455,OST
8421,VLC
8700,SCQ
7639,PFO
8664,HAJ
6684,ALC
1964,PSR
3632,ORK
7191,AAL
3946,EXT
6724,BIA
7078,MAN
9567,BRS
4227,SXF
1207,FAO
4968,INN
3919,WRO
3439,PIK
5072,VAA
424,MPL
2517,GRQ
408,PAD
3938,JTR
4631,SPU
5673,NCL
3259,LIS
2468,IBZ
1809,ADB
1225,HAM
8015,ACE
2751,PSA
3446,MST
64,ANR
7603,OUL
2782,ZAD
3588,TSR
1200,OTP
7583,LPA
6504,OPO
9626,SVQ
3057,ALA
1298,RMU
1725,KGS
8046,LHR
6627,SNN
5546,SOF
8238,EDI
4683,LGG
7429,DTM
4782,BHD
7256,EVN
2516,KSC
6831,LCY
5728,VIE
7579,DUS
1567,HEL
1841,TFN
5581,LUX
1598,MMX
9940,MRS
4470,SVO
9224,KIR
4226,TMP
2154,SZG
843,TLN
346,KEF
1509,SJJ
3905,SAW
3988,GRZ
2710,GRO
3861,RNS
9735,HAU
6623,BMA
3089,NRN
6807,ARN
9882,TXL
4095,TZL
4766,KRK
2643,LBA
2286,AES
4006,BER
5163,RUN
8674,TKU
7930,BEG
6569,PRN
7292,VCE
9800,LED
9494,IAS
6154,JER
1194,JMK
6244,BOD
5313,AMS
7421,EGC
7082,LEJ
3267,LIN
5543,BDS
1878,BTS
8937,EMA
1690,ABZ
7499,STN
5590,SXB
9739,TIA
5767,CAG
687,KTW
5667,HER
5717,BRE
8580,POZ
6828,CHQ
7347,CDG
7445,MXP
1407,SPC
5302,TOS
6034,MLA
5878,BVA
7299,NOC
6534,VST
1853,STR
5100,FSC
7698,AHO
2199,KLU
8445,FMM
5738,GOT
4091,DLM
8044,FLR
2070,AOI
8385,TGD
3837,RIX
8495,DSA
5749,TRN
2481,SUF
5785,NYO
9867,SKG
4555,TBS
7578,LGW
4600,CGN
5641,SOU
6864,BLQ
9184,PRG
9388,LEI
9708,WMI
4408,HHN
3023,AYT
7440,CWL
8322,BRI
3687,PEG
1082,DEB
5837,ATH
4733,MAH
6457,LCA
9321,FKB
3224,FAE
5054,ADA
9312,RTM
8148,NTE
2416,ZRH
6517,SDR
9992,AGP
5338,SKP
3511,TSE
642,ESB
1967,VKO
3725,IEV
5523,TIV
8130,FRA
770,DUB
5823,PDL
2584,GYD
1828,KIV
7604,TRD
293,CLJ
9642,TLL
6351,OLB
3983,BHX
8696,KRS
2037,DME
9598,DRS
5524,VNO
9689,TFS
8821,NUE
4957,GDN
4119,OVD
5192,BGY
5535,ORY
7202,FNC
8177,MSQ
8707,LPL
8332,TLS
3403,TPS
8006,RVN
152,PUY
3794,AJA
3832,LWO
9673,CIA
536,GVA
475,LTN
6799,HUY
3110,BIQ
462,DBV
4436,REU
789,BOO
7707,ODS
8598,RHO
8278,CIY
593,BJV
3980,BSL
3921,GLA
6917,EIN
9793,LUG
9202,BRQ
4785,BRN
7907,CTA
9062,AAR
8968,TSF
5623,KUN
1321,ZTH
9911,WAW
4441,BIO
7096,LYS
2066,PMO
5097,CFU
5606,OSL
979,BES
1766,AER
1357,ZAZ
5017,FUE
6836,LNZ
4252,FMO
5592,LIL
4211,SVG
2459,PMI
8651,GOA
6052,INI
2104,LJU
7997,IST
9208,SVX
818,KBP
3784,XRY
6062,TZX
6910,SEN
1613,OVB
9918,FCO
2076,OST
2279,VLC
4704,SCQ
937,PFO
9694,HAJ
1996,ALC
6394,PSR
6323,ORK
6090,AAL
3738,EXT
1779,BIA
5439,MAN
6561,BRS
6458,SXF
9631,FAO
9307,INN
1799,WRO
3429,PIK
8401,VAA
215,MPL
2246,GRQ
7763,PAD
1457,JTR
2511,SPU
635,NCL
317,LIS
6876,IBZ
1477,ADB
1621,HAM
37,ACE
9695,PSA
3477,MST
3866,ANR
9042,OUL
5616,ZAD
6193,TSR
3582,OTP
9750,LPA
8572,OPO
3713,SVQ
3418,ALA
6446,RMU
9052,KGS
2759,LHR
3017,SNN
9974,SOF
2238,EDI
326,LGG
3261,DTM
8339,BHD
7036,EVN
2883,KSC
9760,LCY
6753,VIE
1202,DUS
4759,HEL
8073,TFN
8462,LUX
755,MMX
8791,MRS
7386,SVO
1220,KIR
1343,TMP
8276,SZG
4966,TLN
172,KEF
4254,SJJ
2087,SAW
2466,GRZ
55,GRO
8171,RNS
5636,HAU
374,BMA
8038,NRN
5382,ARN
1940,TXL
7400,TZL
6066,KRK
128,LBA
38,AES
5379,BER
8993,RUN
7724,TKU
9278,BEG
4215,PRN
2411,VCE
8047,LED
1990,IAS
9834,JER
4803,JMK
1663,BOD
9305,AMS
5615,EGC
2591,LEJ
5985,LIN
7100,BDS
6077,BTS
2336,EMA
3944,ABZ
1824,STN
9246,SXB
6289,TIA
725,CAG
3623,KTW
129,HER
5195,BRE
8819,POZ
8356,CHQ
8796,CDG
3880,MXP
2064,SPC
1106,TOS
7738,MLA
9204,BVA
6406,NOC
4621,VST
2356,STR
7481,FSC
9070,AHO
6901,KLU
930,FMM
7647,GOT
6559,DLM
8022,FLR
8526,AOI
6966,TGD
903,RIX
5090,DSA
855,TRN
1138,SUF
571,NYO
7391,SKG
4537,TBS
3263,LGW
1825,CGN
9080,SOU
1925,BLQ
4273,PRG
2973,LEI
2144,WMI
1368,HHN
2008,AYT
3343,CWL
4812,BRI
622,PEG
8017,DEB
2670,ATH
5239,MAH
1971,LCA
4099,FKB
48,FAE
6881,ADA
1590,RTM
2576,NTE
9541,ZRH
204,SDR
5818,BCN
9258,BGO
9313,BUD
4938,NCE
7657,VAR
8573,CRL
4458,VRN
6853,NAP
7294,BRU
8692,MUC
6941,CPH
356,BLL
2854,MAD
3163,FDH
5296,BFS
5932,TRF
7226,ZAG
1603,BOJ
3554,AGP
6365,SKP
623,TSE
4798,ESB
8181,VKO
4317,IEV
2036,TIV
6491,FRA
5693,DUB
6765,PDL
5638,GYD
8618,KIV
7255,TRD
3513,CLJ
2957,TLL
4498,OLB
5274,BHX
8199,KRS
6380,DME
5106,DRS
4120,VNO
3313,TFS
2934,NUE
7094,GDN
5066,OVD
4065,BGY
2803,ORY
2348,FNC
2496,MSQ
5967,LPL
2690,TLS
1765,TPS
5431,RVN
117,PUY
709,AJA
8893,LWO
9011,CIA
3939,GVA
2833,LTN
4107,HUY
6463,BIQ
8488,DBV
9677,REU
3305,BOO
3268,ODS
9755,RHO
3662,CIY
8135,BJV
8787,BSL
8833,GLA
5559,EIN
9989,LUG
9403,BRQ
363,BRN
6900,CTA
6792,AAR
3833,TSF
6891,KUN
632,ZTH
6438,WAW
6368,BIO
5101,LYS
286,PMO
7020,CFU
2745,OSL
6961,BES
1154,AER
1376,ZAZ
2314,FUE
3893,LNZ
3053,FMO
6938,LIL
7281,SVG
6838,PMI
8223,GOA
3129,INI
3756,LJU
641,IST
9119,SVX
1844,KBP
1907,XRY
8615,TZX
3488,SEN
6832,OVB
8625,FCO
9037,OST
7308,VLC
8137,SCQ
5594,PFO
8759,HAJ
3306,ALC
8770,PSR
2538,ORK
6048,AAL
8368,EXT
7307,BIA
8337,MAN
6387,BRS
8080,SXF
8958,FAO
2512,INN
5434,WRO
3181,PIK
8241,VAA
7329,MPL
3332,GRQ
4197,PAD
5765,JTR
3873,SPU
520,NCL
4546,LIS
3863,IBZ
7788,ADB
5578,HAM
7435,ACE
9186,PSA
4144,MST
5465,ANR
8091,OUL
1072,ZAD
8847,TSR
1362,OTP
5206,LPA
4553,OPO
1550,SVQ
7744,ALA
4590,RMU
2469,KGS
395,LHR
1928,SNN
1796,SOF
1066,EDI
567,LGG
8092,DTM
2633,BHD
6320,EVN
6041,KSC
9166,LCY
4045,VIE
5902,DUS
8622,HEL
4815,TFN
1247,LUX
955,MMX
1325,MRS
5436,SVO
4121,KIR
5375,TMP
7313,SZG
2930,TLN
4587,KEF
2895,SJJ
6909,SAW
6225,GRZ
4971,GRO
1132,RNS
5797,HAU
8274,BMA
2088,NRN
8083,ARN
460,TXL
4772,TZL
441,KRK
4951,LBA
393,AES
1787,BER
778,RUN
8331,TKU
7319,BEG
3248,PRN
5354,VCE
5799,LED
5478,IAS
6809,JER
6620,JMK
5458,BOD
4765,AMS
4711,EGC
8007,LEJ
2648,LIN
9200,BDS
2688,BTS
5993,EMA
9655,ABZ
4737,STN
7626,SXB
1068,TIA
7701,CAG
350,KTW
7310,HER
2566,BRE
2157,POZ
9539,CHQ
5680,CDG
9111,MXP
8434,SPC
7509,TOS
6258,MLA
4754,BVA
4817,NOC
9395,VST
4238,STR
4331,FSC
6419,AHO
8194,KLU
862,FMM
8563,GOT
3309,DLM
2379,FLR
2812,AOI
1664,TGD
2009,RIX
3288,DSA
1319,TRN
7797,SUF
8195,NYO
5119,SKG
9299,TBS
2077,LGW
159,CGN
9445,SOU
7195,BLQ
3184,PRG
3180,LEI
1111,WMI
5979,HHN
6629,AYT
5568,CWL
1594,BRI
6366,PEG
5383,DEB
5715,ATH
4756,MAH
2386,LCA
3660,FKB
4396,FAE
4088,ADA
8827,RTM
7957,NTE
8890,ZRH
4649,SDR
2129,AGP
2315,SKP
9218,TSE
1112,ESB
4751,VKO
9049,IEV
8250,TIV
3540,FRA
5412,DUB
4288,PDL
2594,GYD
1948,KIV
8045,TRD
574,CLJ
3327,TLL
6687,OLB
2792,BHX
4983,KRS
2365,DME
5518,DRS
8557,VNO
1526,TFS
8328,NUE
9141,GDN
1241,OVD
2780,BGY
678,ORY
3317,FNC
4792,MSQ
7627,LPL
3769,TLS
7906,TPS
6264,RVN
5287,PUY
1214,AJA
1397,LWO
7031,CIA
6072,GVA
4391,LTN
7918,HUY
5385,BIQ
3440,DBV
3744,REU
6401,BOO
5786,ODS
8293,RHO
8393,CIY
4104,BJV
7811,BSL
200,GLA
5964,EIN
3752,LUG
1645,BRQ
9928,BRN
7043,CTA
9252,AAR
7410,TSF
8803,KUN
9112,ZTH
7883,WAW
2852,BIO
3940,LYS
9908,PMO
3377,CFU
3537,OSL
2565,BES
5764,AER
8757,ZAZ
7510,FUE
2475,LNZ
7911,FMO
371,LIL
990,SVG
2016,PMI
8768,GOA
7422,INI
9435,LJU
1097,IST
7994,SVX
2784,KBP
58,XRY
3887,TZX
9083,SEN
7766,OVB
6187,FCO
5394,OST
4730,VLC
666,SCQ
2976,PFO
3917,HAJ
8381,ALC
6253,PSR
3708,ORK
4611,AAL
1352,EXT
5243,BIA
6870,MAN
1260,BRS
1797,SXF
6329,FAO
2552,INN
7135,WRO
6533,PIK
3417,VAA
4148,MPL
8273,GRQ
3287,PAD
9588,JTR
8916,SPU
49,NCL
5663,LIS
6227,IBZ
8830,ADB
9639,HAM
1058,ACE
8531,PSA
7050,MST
8253,ANR
5349,OUL
7136,ZAD
6605,TSR
7515,OTP
6088,LPA
4516,OPO
8609,SVQ
60,ALA
8801,RMU
4147,KGS
6204,LHR
9160,SNN
2435,SOF
1773,EDI
5811,LGG
3629,DTM
6985,BHD
4342,EVN
5480,KSC
4130,LCY
8281,VIE
469,DUS
1053,HEL
2944,TFN
6094,LUX
8668,MMX
3165,MRS
905,SVO
9180,KIR
9502,TMP
4724,SZG
5976,TLN
8023,KEF
5644,SJJ
4284,SAW
3025,GRZ
7265,GRO
7155,RNS
5461,HAU
5246,BMA
4719,NRN
9778,ARN
6098,TXL
2433,TZL
5516,KRK
6233,LBA
6441,AES
9288,BER
9301,RUN
8571,TKU
8750,BEG
9795,PRN
5159,VCE
4834,LED
3698,IAS
3827,JER
8010,JMK
6242,BOD
423,AMS
3073,EGC
3999,LEJ
3592,LIN
5245,BDS
901,BTS
3431,EMA
2081,ABZ
3240,STN
2192,SXB
9282,TIA
3977,CAG
3182,KTW
8055,HER
5125,BRE
7406,POZ
4906,CHQ
8688,CDG
4699,MXP
9453,SPC
3280,TOS
4520,MLA
4655,BVA
2632,NOC
9287,VST
9270,STR
4162,FSC
9269,AHO
157,KLU
5112,FMM
7592,GOT
2454,DLM
5692,FLR
8848,AOI
7532,TGD
7880,RIX
2463,DSA
3243,TRN
3199,SUF
7311,NYO
503,SKG
2067,TBS
2786,LGW
8193,CGN
5345,SOU
5907,BLQ
7067,PRG
753,LEI
3302,WMI
9128,HHN
1883,AYT
1177,CWL
7602,BRI
8220,PEG
2227,DEB
8020,ATH
9933,MAH
4993,LCA
8395,FKB
8119,FAE
3994,ADA
1466,RTM
7643,NTE
1326,ZRH
808,SDR
331,BCN
798,BGO
5672,BUD
874,NCE
4370,VAR
6116,CRL
6388,VRN
6273,NAP
9,BRU
6373,MUC
7769,CPH
3486,BLL
411,MAD
5289,FDH
445,BFS
6811,TRF
4544,ZAG
3275,BOJ
1160,AGP
832,SKP
7964,TSE
2647,ESB
7326,VKO
6318,IEV
1161,TIV
1084,FRA
4156,DUB
9239,PDL
8167,GYD
2921,KIV
1774,TRD
6756,CLJ
3797,TLL
8124,OLB
1888,BHX
6075,KRS
3952,DME
5167,DRS
6467,VNO
7589,TFS
383,NUE
1119,GDN
5573,OVD
1801,BGY
5200,ORY
616,FNC
5079,MSQ
7124,LPL
8871,TLS
3108,TPS
6268,RVN
453,PUY
1548,AJA
3668,LWO
9487,CIA
3145,GVA
3272,LTN
9575,HUY
5603,BIQ
4874,DBV
887,REU
8296,BOO
8754,ODS
6355,RHO
5836,CIY
3318,BJV
7009,BSL
9413,GLA
5614,EIN
2125,LUG
9797,BRQ
1420,BRN
455,CTA
3311,AAR
7492,TSF
8259,KUN
7659,ZTH
4987,WAW
2306,BIO
630,LYS
1087,PMO
5316,CFU
1727,OSL
9984,BES
7893,AER
4281,ZAZ
9925,FUE
5211,LNZ
5622,FMO
5933,LIL
9209,SVG
3805,PMI
3795,GOA
6548,INI
3001,LJU
8680,IST
3495,SVX
9775,KBP
151,XRY
872,TZX
8347,SEN
921,OVB
2020,FCO
7007,OST
2241,VLC
4131,SCQ
2987,PFO
270,HAJ
4293,ALC
5924,PSR
7452,ORK
4473,AAL
7847,EXT
9467,BIA
6176,MAN
8235,BRS
9259,SXF
3312,FAO
2439,INN
2055,WRO
2779,PIK
6950,VAA
9877,MPL
4885,GRQ
2931,PAD
1253,JTR
4447,SPU
3270,NCL
1348,LIS
6580,IBZ
1879,ADB
3682,HAM
1732,ACE
2515,PSA
2251,MST
1640,ANR
6905,OUL
3189,ZAD
3586,TSR
3310,OTP
5266,LPA
4999,OPO
6395,SVQ
9422,ALA
7940,RMU
8034,KGS
7785,LHR
3895,SNN
4749,SOF
218,EDI
7005,LGG
5658,DTM
7792,BHD
5173,EVN
9892,KSC
9172,LCY
1403,VIE
7517,DUS
4114,HEL
969,TFN
6180,LUX
2228,MMX
9691,MRS
230,SVO
785,KIR
2900,TMP
6357,SZG
5571,TLN
2974,KEF
2574,SJJ
6519,SAW
7207,GRZ
1071,GRO
7389,RNS
5639,HAU
7438,BMA
93,NRN
8072,ARN
8689,TXL
8575,TZL
7046,KRK
2550,LBA
4259,AES
4283,BER
4994,RUN
9619,TKU
774,BEG
6408,PRN
714,VCE
3254,LED
6346,IAS
9316,JER
9367,JMK
7787,BOD
6928,AMS
4170,EGC
4019,LEJ
7799,LIN
4943,BDS
9623,BTS
8236,EMA
4184,ABZ
4748,STN
8971,SXB
7860,TIA
8822,CAG
1425,KTW
1473,HER
4180,BRE
8016,POZ
9562,CHQ
4319,CDG
8541,MXP
5140,SPC
4166,TOS
9078,MLA
4096,BVA
6206,NOC
7881,VST
8051,STR
5051,FSC
8870,AHO
7850,KLU
2304,FMM
9601,GOT
7508,DLM
504,FLR
6013,AOI
1749,TGD
33,RIX
633,DSA
1188,TRN
1003,SUF
8350,NYO
4013,SKG
9697,TBS
6071,LGW
6484,CGN
6995,SOU
7109,BLQ
8325,PRG
3925,LEI
1489,WMI
4064,HHN
5689,AYT
1987,CWL
6250,BRI
8743,PEG
3849,DEB
6177,ATH
9188,MAH
9374,LCA
2486,FKB
6512,FAE
3589,ADA
2168,RTM
428,NTE
1117,ZRH
2376,SDR
10,AGP
2115,SKP
6384,TSE
7381,ESB
3948,VKO
5679,IEV
2652,TIV
9888,FRA
2167,DUB
9524,PDL
6508,GYD
752,KIV
9868,TRD
3478,CLJ
3690,TLL
6300,OLB
98,BHX
3626,KRS
2554,DME
6102,DRS
2868,VNO
6922,TFS
2059,NUE
7587,GDN
7689,OVD
3882,BGY
7686,ORY
8485,FNC
674,MSQ
4304,LPL
2164,TLS
6883,TPS
9799,RVN
8138,PUY
672,AJA
7171,LWO
9770,CIA
4541,GVA
8881,LTN
7936,HUY
4997,BIQ
4409,DBV
4279,REU
6982,BOO
956,ODS
3533,RHO
1366,CIY
2573,BJV
145,BSL
2896,GLA
3262,EIN
6614,LUG
1715,BRQ
9712,BRN
2620,CTA
5560,AAR
9950,TSF
163,KUN
3541,ZTH
7664,WAW
2119,BIO
2778,LYS
1134,PMO
4411,CFU
2671,OSL
2767,BES
7384,AER
5970,ZAZ
3190,FUE
343,LNZ
1555,FMO
4290,LIL
4570,SVG
6378,PMI
186,GOA
9144,INI
6766,LJU
7014,IST
8904,SVX
2428,KBP
5752,XRY
4462,TZX
7835,SEN
7285,OVB
705,FCO
6664,OST
337,VLC
7586,SCQ
5247,PFO
3507,HAJ
6087,ALC
8931,PSR
3834,ORK
727,AAL
886,EXT
4155,BIA
4529,MAN
781,BRS
6908,SXF
2962,FAO
4912,INN
8678,WRO
2526,PIK
2703,VAA
7563,MPL
4020,GRQ
7971,PAD
6179,JTR
5078,SPU
6290,NCL
2217,LIS
4738,IBZ
6371,ADB
7182,HAM
4146,ACE
6937,PSA
8850,MST
2333,ANR
2184,OUL
8855,ZAD
3436,TSR
8610,OTP
8069,LPA
8344,OPO
5479,SVQ
4308,ALA
8581,RMU
5687,KGS
4980,LHR
6631,SNN
2649,SOF
8929,EDI
1285,LGG
3371,DTM
1747,BHD
7039,EVN
1201,KSC
8697,LCY
9951,VIE
1647,DUS
4880,HEL
2072,TFN
1414,LUX
3875,MMX
2155,MRS
3132,SVO
8489,KIR
7055,TMP
6425,SZG
8409,TLN
4786,KEF
3796,SJJ
1530,SAW
6246,GRZ
915,GRO
3193,RNS
9237,HAU
4685,BMA
8081,NRN
4925,ARN
6011,TXL
2859,TZL
5429,KRK
5156,LBA
2863,AES
4175,BER
9517,RUN
1989,TKU
2724,BEG
6305,PRN
4934,VCE
7731,LED
4794,IAS
2858,JER
3838,JMK
9039,BOD
6980,AMS
695,EGC
3196,LEJ
2709,LIN
3594,BDS
2078,BTS
737,EMA
6330,ABZ
3209,STN
3842,SXB
9706,TIA
9646,CAG
7475,KTW
8449,HER
4581,BRE
6285,POZ
6572,CHQ
9897,CDG
7467,MXP
782,SPC
610,TOS
287,MLA
2624,BVA
9124,NOC
2800,VST
1792,STR
3232,FSC
2343,AHO
8280,KLU
1056,FMM
3454,GOT
5346,DLM
6592,FLR
6114,AOI
2983,TGD
2349,RIX
5176,DSA
7523,TRN
3273,SUF
1830,NYO
5848,SKG
9329,TBS
7977,LGW
8527,CGN
2535,SOU
7876,BLQ
1701,PRG
1516,LEI
5835,WMI
7624,HHN
4353,AYT
7444,CWL
983,BRI
7331,PEG
4647,DEB
298,ATH
8567,MAH
8197,LCA
4311,FKB
2305,FAE
690,ADA
4268,RTM
8297,NTE
112,ZRH
4868,SDR
8327,BCN
7018,BGO
2098,BUD
2312,NCE
1491,VAR
4371,CRL
4768,VRN
9396,NAP
9823,BRU
8892,MUC
600,CPH
1561,BLL
5057,MAD
1790,FDH
8823,BFS
9482,TRF
9097,ZAG
435,BOJ
7993,AGP
2626,SKP
7183,TSE
7672,ESB
5454,VKO
5406,IEV
8559,TIV
9591,FRA
913,DUB
6018,PDL
3285,GYD
3517,KIV
9391,TRD
1941,CLJ
3120,TLL
3471,OLB
3340,BHX
52,KRS
2981,DME
4761,DRS
6496,VNO
2027,TFS
2864,NUE
440,GDN
5371,OVD
8914,BGY
7324,ORY
9707,FNC
85,MSQ
5032,LPL
3062,TLS
3277,TPS
3339,RVN
4315,PUY
9024,AJA
7842,LWO
5333,CIA
6537,GVA
546,LTN
8970,HUY
3686,BIQ
3218,DBV
1993,REU
6931,BOO
8170,ODS
278,RHO
2406,CIY
4400,BJV
3103,BSL
5034,GLA
5401,EIN
2884,LUG
1602,BRQ
4518,BRN
4982,CTA
8122,AAR
443,TSF
6033,KUN
427,ZTH
1658,WAW
2457,BIO
2207,LYS
3373,PMO
9663,CFU
4256,OSL
3192,BES
6833,AER
8289,ZAZ
6343,FUE
1517,LNZ
184,FMO
24,LIL
7988,SVG
3956,PMI
1639,GOA
7529,INI
7197,LJU
1265,IST
5006,SVX
6522,KBP
9336,XRY
1873,TZX
4861,SEN
7454,OVB
1893,FCO
2074,OST
3637,VLC
2436,SCQ
7717,PFO
6584,HAJ
256,ALC
4876,PSR
216,ORK
9920,AAL
8123,EXT
3036,BIA
8373,MAN
9262,BRS
9211,SXF
9936,FAO
6587,INN
8518,WRO
8307,PIK
3162,VAA
7114,MPL
809,GRQ
8,PAD
1869,JTR
483,SPU
9819,NCL
5743,LIS
5944,IBZ
9571,ADB
2651,HAM
1501,ACE
881,PSA
2757,MST
5305,ANR
9134,OUL
8775,ZAD
3532,TSR
6588,OTP
1956,LPA
6777,OPO
7516,SVQ
9692,ALA
542,RMU
1341,KGS
1738,LHR
1525,SNN
8436,SOF
3102,EDI
6578,LGG
5254,DTM
9000,BHD
7655,EVN
8589,KSC
1753,LCY
9690,VIE
3522,DUS
5193,HEL
9550,TFN
9890,LUX
1860,MMX
6054,MRS
1128,SVO
5704,KIR
9071,TMP
6089,SZG
5576,TLN
7882,KEF
3933,SJJ
8082,SAW
9603,GRZ
1002,GRO
2570,RNS
3058,HAU
8423,BMA
30,NRN
1778,ARN
3504,TXL
1312,TZL
1591,KRK
3596,LBA
7593,AES
6542,BER
122,RUN
5885,TKU
1942,BEG
9433,PRN
6265,VCE
5355,LED
9850,IAS
3678,JER
4084,JMK
531,BOD
9135,AMS
9547,EGC
7413,LEJ
8341,LIN
5132,BDS
5158,BTS
3661,EMA
2655,ABZ
8501,STN
8071,SXB
9323,TIA
5148,CAG
8836,KTW
7619,HER
3399,BRE
7485,POZ
6771,CHQ
2682,CDG
5727,MXP
5710,SPC
3897,TOS
7423,MLA
6043,BVA
2844,NOC
3276,VST
7120,STR
1310,FSC
2664,AHO
185,KLU
5063,FMM
545,GOT
6237,DLM
4795,FLR
7970,AOI
2793,TGD
6004,RIX
9895,DSA
7399,TRN
5550,SUF
2984,NYO
7702,SKG
8648,TBS
8880,LGW
5358,CGN
4138,SOU
2450,BLQ
1983,PRG
6637,LEI
2176,WMI
8555,HHN
1198,AYT
446,CWL
9527,BRI
2935,PEG
6898,DEB
587,ATH
1327,MAH
9423,LCA
6866,FKB
1646,FAE
3349,ADA
6410,RTM
1282,NTE
3920,ZRH
4431,SDR
4165,AGP
3577,SKP
8670,TSE
2025,ESB
2996,VKO
9846,IEV
4972,TIV
3321,FRA
7344,DUB
9862,PDL
6708,GYD
6331,KIV
5267,TRD
9620,CLJ
5145,TLL
2218,OLB
5183,BHX
9143,KRS
2371,DME
6248,DRS
1142,VNO
7645,TFS
3734,NUE
302,GDN
386,OVD
8067,BGY
8928,ORY
8765,FNC
1805,MSQ
1615,LPL
2095,TLS
506,TPS
922,RVN
336,PUY
6469,AJA
3597,LWO
369,CIA
5562,GVA
9398,LTN
1413,HUY
5800,BIQ
5552,DBV
1055,REU
1642,BOO
7441,ODS
7486,RHO
5314,CIY
3578,BJV
1353,BSL
2400,GLA
5196,EIN
1745,LUG
1392,BRQ
6759,BRN
8262,CTA
8709,AAR
7443,TSF
7679,KUN
7991,ZTH
9412,WAW
1169,BIO
2964,LYS
8258,PMO
1075,CFU
5143,OSL
1323,BES
5555,AER
9448,ZAZ
3585,FUE
4299,LNZ
4415,FMO
3753,LIL
8587,SVG
6333,PMI
6579,GOA
5198,INI
9434,LJU
7447,IST
7815,SVX
76,KBP
406,XRY
334,TZX
8669,SEN
7450,OVB
3646,FCO
1960,OST
552,VLC
8643,SCQ
5783,PFO
1461,HAJ
9088,ALC
4654,PSR
4204,ORK
3969,AAL
7108,EXT
3175,BIA
9898,MAN
192,BRS
8909,SXF
7875,FAO
3950,INN
3539,WRO
338,PIK
9496,VAA
271,MPL
6113,GRQ
8732,PAD
2707,JTR
8923,SPU
5984,NCL
4111,LIS
2919,IBZ
5965,ADB
4646,HAM
3591,ACE
6453,PSA
8882,MST
9641,ANR
9869,OUL
607,ZAD
8717,TSR
8735,OTP
9001,LPA
8539,OPO
387,SVQ
2888,ALA
9167,RMU
9463,KGS
7725,LHR
9730,SNN
6257,SOF
1641,EDI
4574,LGG
6886,DTM
4195,BHD
4884,EVN
6490,KSC
7140,LCY
4998,VIE
29,DUS
1182,HEL
4760,TFN
8227,LUX
4930,MMX
1977,MRS
8529,SVO
1237,KIR
830,TMP
3183,SZG
4942,TLN
1714,KEF
4136,SJJ
7293,SAW
2335,GRZ
5685,GRO
2614,RNS
9460,HAU
9537,BMA
9404,NRN
1126,ARN
8487,TXL
7727,TZL
3296,KRK
1278,LBA
9385,AES
1975,BER
8548,RUN
7378,TKU
3015,BEG
6850,PRN
7857,VCE
858,LED
9352,IAS
8118,JER
3174,JMK
5421,BOD
2727,AMS
7719,EGC
3212,LEJ
6814,LIN
4502,BDS
9740,BTS
5373,EMA
993,ABZ
7561,STN
3119,SXB
8380,TIA
9540,CAG
3580,KTW
4729,HER
9379,BRE
6617,POZ
2985,CHQ
3613,CDG
9652,MXP
3151,SPC
1636,TOS
4017,MLA
9214,BVA
2758,NOC
2272,VST
4639,STR
2062,FSC
9148,AHO
8353,KLU
857,FMM
5628,GOT
1205,DLM
3856,FLR
2683,AOI
4771,TGD
8027,RIX
6761,DSA
2501,TRN
4548,SUF
1268,NYO
7029,SKG
7908,TBS
2410,LGW
7913,CGN
1336,SOU
9509,BLQ
6661,PRG
1679,LEI
3113,WMI
7781,HHN
5822,AYT
8431,CWL
7498,BRI
2799,PEG
6492,DEB
4583,ATH
9156,MAH
9852,LCA
7642,FKB
9099,FAE
1586,ADA
9114,RTM
5950,NTE
7752,ZRH
290,SDR
4640,BCN
9917,BGO
4944,BUD
6750,NCE
3877,VAR
793,CRL
9985,VRN
9419,NAP
9108,BRU
9235,MUC
2052,CPH
7424,BLL
6816,MAD
3563,FDH
86,BFS
2697,TRF
2239,ZAG
3265,BOJ
3037,AGP
9821,SKP
5501,TSE
2461,ESB
4744,VKO
8417,IEV
9676,TIV
1404,FRA
3468,DUB
8782,PDL
3064,GYD
3105,KIV
3727,TRD
1485,CLJ
9461,TLL
1583,OLB
6486,BHX
5212,KRS
3868,DME
2321,DRS
5408,VNO
5531,TFS
3618,NUE
3791,GDN
3493,OVD
8835,BGY
3208,ORY
3050,FNC
1593,MSQ
6653,LPL
6462,TLS
4528,TPS
5205,RVN
4034,PUY
4746,AJA
7414,LWO
5533,CIA
2273,GVA
7953,LTN
7823,HUY
5301,BIQ
3583,DBV
9903,REU
1094,BOO
8989,ODS
7704,RHO
5890,CIY
1390,BJV
425,BSL
3134,GLA
43,EIN
9870,LUG
5279,BRQ
6215,BRN
4101,CTA
5398,AAR
5713,TSF
4450,KUN
5808,ZTH
8905,WAW
1931,BIO
9048,LYS
4717,PMO
5987,CFU
6249,OSL
4442,BES
1558,AER
1866,ZAZ
1713,FUE
1471,LNZ
3246,FMO
4641,LIL
9847,SVG
645,PMI
3987,GOA
3187,INI
7765,LJU
5751,IST
2175,SVX
2946,KBP
4527,XRY
6975,TZX
7862,SEN
344,OVB
5452,FCO
3748,OST
824,VLC
1988,SCQ
3609,PFO
8366,HAJ
8634,ALC
9555,PSR
5507,ORK
1305,AAL
7863,EXT
649,BIA
8552,MAN
902,BRS
6943,SXF
5233,FAO
1189,INN
8492,WRO
9726,PIK
1334,VAA
787,MPL
7681,GRQ
5750,PAD
154,JTR
9835,SPU
1760,NCL
7705,LIS
9612,IBZ
9893,ADB
6703,HAM
2971,ACE
2271,PSA
4595,MST
1315,ANR
7640,OUL
9986,ZAD
3671,TSR
8544,OTP
4594,LPA
7118,OPO
3281,SVQ
9791,ALA
1395,RMU
5133,KGS
6785,LHR
3090,SNN
1212,SOF
8131,EDI
773,LGG
527,DTM
6093,BHD
1570,EVN
2826,KSC
2142,LCY
4168,VIE
2788,DUS
9330,HEL
308,TFN
1456,LUX
3916,MMX
5855,MRS
1482,SVO
1208,KIR
1991,TMP
4588,SZG
63,TLN
9943,KEF
5880,SJJ
6885,SAW
260,GRZ
5258,GRO
5186,RNS
7808,HAU
1589,BMA
6288,NRN
4576,ARN
3480,TXL
3743,TZL
1900,KRK
9079,LBA
8749,AES
3935,BER
9602,RUN
2875,TKU
272,BEG
6403,PRN
223,VCE
7793,LED
3168,IAS
8536,JER
4094,JMK
5657,BOD
6281,AMS
2467,EGC
9786,LEJ
2341,LIN
8459,BDS
4085,BTS
2281,EMA
1791,ABZ
7694,STN
6029,SXB
6232,TIA
8588,CAG
9589,KTW
6166,HER
8090,BRE
3368,POZ
2837,CHQ
8623,CDG
120,MXP
9993,SPC
4439,TOS
6051,MLA
3485,BVA
6726,NOC
4093,VST
9219,STR
8242,FSC
3320,AHO
8659,KLU
1674,FMM
2932,GOT
8265,DLM
4438,FLR
5781,AOI
5653,TGD
5430,RIX
3732,DSA
4731,TRN
9595,SUF
5742,NYO
5947,SKG
665,TBS
8111,LGW
1848,CGN
5646,SOU
9195,BLQ
1439,PRG
4421,LEI
7728,WMI
4904,HHN
3638,AYT
807,CWL
2056,BRI
6192,PEG
6202,DEB
6734,ATH
5108,MAH
1692,LCA
8352,FKB
2551,FAE
852,ADA
6535,RTM
2773,NTE
9290,ZRH
4604,SDR
9126,AGP
9751,SKP
6994,TSE
1092,ESB
4735,VKO
2162,IEV
3771,TIV
310,FRA
1614,DUB
8509,PDL
6818,GYD
1369,KIV
1627,TRD
836,CLJ
5662,TLL
7407,OLB
4721,BHX
1519,KRS
5609,DME
2491,DRS
4253,VNO
6626,TFS
2301,NUE
3640,GDN
8268,OVD
3590,BGY
4046,ORY
8718,FNC
8190,MSQ
957,LPL
1162,TLS
379,TPS
5293,RVN
2399,PUY
3257,AJA
6730,LWO
2109,CIA
9693,GVA
7866,LTN
7746,HUY
8640,BIQ
2899,DBV
3032,REU
9853,BOO
8426,ODS
4445,RHO
238,CIY
4736,BJV
3426,BSL
6844,GLA
5227,EIN
4076,LUG
6277,BRQ
9392,BRN
3387,CTA
4002,AAR
2691,TSF
1399,KUN
6344,ZTH
7861,WAW
3283,BIO
3600,LYS
8413,PMO
7241,CFU
825,OSL
6205,BES
9354,AER
8798,ZAZ
5201,FUE
3705,LNZ
9147,FMO
2785,LIL
5252,SVG
3104,PMI
2704,GOA
191,INI
4426,LJU
4116,IST
1980,SVX
2090,KBP
2193,XRY
3824,TZX
5004,SEN
2601,OVB
2220,FCO
135,OST
228,VLC
4069,SCQ
7685,PFO
5428,HAJ
9355,ALC
1047,PSR
4469,ORK
2555,AAL
2302,EXT
3010,BIA
4395,MAN
8471,BRS
9033,SXF
3964,FAO
2216,INN
6593,WRO
9872,PIK
7629,VAA
2196,MPL
3363,GRQ
9023,PAD
1833,JTR
2835,SPU
8451,NCL
1811,LIS
6046,IBZ
9110,ADB
4659,HAM
1304,ACE
3116,PSA
3088,MST
8944,ANR
2132,OUL
5695,ZAD
1377,TSR
66,OTP
827,LPA
9530,OPO
2392,SVQ
9981,ALA
89,RMU
160,KGS
9597,LHR
6532,SNN
6006,SOF
1954,EDI
4024,LGG
7767,DTM
1104,BHD
7899,EVN
2748,KSC
7127,LCY
779,VIE
1997,DUS
3758,HEL
6921,TFN
4141,LUX
5853,MMX
5392,MRS
34,SVO
505,KIR
5991,TMP
4816,SZG
5725,TLN
3760,KEF
321,SJJ
8255,SAW
3395,GRZ
9012,GRO
8066,RNS
7394,HAU
684,BMA
5321,NRN
4669,ARN
6376,TXL
9386,TZL
2615,KRK
5500,LBA
4700,AES
614,BER
848,RUN
2108,TKU
6439,BEG
7112,PRN
594,VCE
8103,LED
4814,IAS
7530,JER
927,JMK
5919,BOD
5739,AMS
7428,EGC
4432,LEJ
2891,LIN
8983,BDS
3852,BTS
1251,EMA
2567,ABZ
9347,STN
5740,SXB
5482,TIA
6701,CAG
5435,KTW
9583,HER
9095,BRE
6677,POZ
8513,CHQ
582,CDG
7547,MXP
2980,SPC
1826,TOS
5526,MLA
9741,BVA
4124,NOC
898,VST
1998,STR
7723,FSC
1554,AHO
7325,KLU
7335,FMM
2,GOT
1498,DLM
7995,FLR
8105,AOI
3536,TGD
5926,RIX
9702,DSA
4140,TRN
4702,SUF
1263,NYO
9837,SKG
7286,TBS
3819,LGW
9232,CGN
5184,SOU
3337,BLQ
9685,PRG
8713,LEI
4143,WMI
627,HHN
3603,AYT
391,CWL
5146,BRI
1702,PEG
3813,DEB
6557,ATH
7059,MAH
9077,LCA
1140,FKB
6430,FAE
1754,ADA
320,RTM
7973,NTE
2523,ZRH
426,SDR
7107,BCN
3689,BGO
7491,BUD
2754,NCE
1571,VAR
9504,CRL
4476,VRN
7144,NAP
7022,BRU
3544,MUC
7820,CPH
2723,BLL
3658,MAD
4505,FDH
9531,BFS
3005,TRF
1758,ZAG
2231,BOJ
5459,AGP
1985,SKP
7884,TSE
2596,ESB
361,VKO
1681,IEV
6571,TIV
1386,FRA
6962,DUB
7825,PDL
3529,GYD
8627,KIV
9227,TRD
8308,CLJ
7316,TLL
5737,OLB
1924,BHX
182,KRS
40,DME
3258,DRS
6440,VNO
8686,TFS
1748,NUE
277,GDN
8132,OVD
5029,BGY
2068,ORY
2641,FNC
8790,MSQ
4783,LPL
348,TLS
6842,TPS
3235,RVN
7409,PUY
4202,AJA
2842,LWO
4320,CIA
332,GVA
965,LTN
2828,HUY
2424,BIQ
1712,DBV
9281,REU
8681,BOO
1223,ODS
3087,RHO
8012,CIY
1232,BJV
8758,BSL
2959,GLA
6955,EIN
3056,LUG
1358,BRQ
2030,BRN
9407,CTA
3886,AAR
1901,TSF
7390,KUN
1276,ZTH
8482,WAW
2359,BIO
4490,LYS
6165,PMO
9840,CFU
7015,OSL
7625,BES
1258,AER
2277,ZAZ
4511,FUE
2449,LNZ
5789,FMO
4188,LIL
4571,SVG
9426,PMI
226,GOA
2017,INI
8419,LJU
2937,IST
13,SVX
1152,KBP
7419,XRY
3338,TZX
9168,SEN
4970,OVB
1810,FCO
5807,OST
3107,VLC
8211,SCQ
3481,PFO
3227,HAJ
3234,ALC
4752,PSR
1605,ORK
6421,AAL
9053,EXT
6471,BIA
8152,MAN
5419,BRS
540,SXF
3130,FAO
3885,INN
4337,WRO
9314,PIK
4860,VAA
7276,MPL
7476,GRQ
4747,PAD
6784,JTR
9959,SPU
365,NCL
8412,LIS
1691,IBZ
1524,ADB
5994,HAM
8862,ACE
6498,PSA
4413,MST
9318,ANR
6437,OUL
5368,ZAD
3297,TSR
2578,OTP
1599,LPA
4720,OPO
5648,SVQ
6894,ALA
6494,RMU
5319,KGS
5997,LHR
6903,SNN
4169,SOF
3148,EDI
3941,LGG
5730,DTM
6826,BHD
2882,EVN
3176,KSC
498,LCY
6518,VIE
2223,DUS
3749,HEL
3375,TFN
2537,LUX
1011,MMX
5450,MRS
4521,SVO
994,KIR
1184,TMP
3435,SZG
1435,TLN
1186,KEF
2007,SJJ
8525,SAW
673,GRZ
9364,GRO
3730,RNS
931,HAU
6183,BMA
3133,NRN
5774,ARN
4883,TXL
9773,TZL
107,KRK
2337,LBA
8500,AES
7865,BER
6764,RUN
5904,TKU
4723,BEG
2524,PRN
1506,VCE
775,LED
3106,IAS
5776,JER
3382,JMK
9306,BOD
4979,AMS
5422,EGC
1536,LEJ
6157,LIN
1001,BDS
3020,BTS
8740,EMA
8967,ABZ
1183,STN
6307,SXB
9365,TIA
966,CAG
5180,KTW
2495,HER
2318,BRE
4125,POZ
8941,CHQ
7688,CDG
8257,MXP
1735,SPC
6099,TOS
4517,MLA
4358,BVA
8919,NOC
1552,VST
5425,STR
5598,FSC
3792,AHO
5850,KLU
3409,FMM
1817,GOT
5951,DLM
1447,FLR
1889,AOI
2772,TGD
2380,RIX
4524,DSA
1448,TRN
704,SUF
4937,NYO
5696,SKG
78,TBS
8101,LGW
2413,CGN
8652,SOU
7984,BLQ
100,PRG
1107,LEI
9954,WMI
638,HHN
5996,AYT
4244,CWL
5278,BRI
8003,PEG
8068,DEB
4132,ATH
158,MAH
2297,LCA
9043,FKB
5318,FAE
2368,ADA
7139,RTM
7037,NTE
9297,ZRH
9716,SDR
5775,AGP
5580,SKP
7922,TSE
8185,ESB
2417,VKO
5445,IEV
244,TIV
5612,FRA
4479,DUB
5475,PDL
4779,GYD
8000,KIV
4250,TRD
2739,CLJ
1236,TLL
7726,OLB
9855,BHX
6586,KRS
8839,DME
1622,DRS
4917,VNO
2126,TFS
722,NUE
5073,GDN
5637,OVD
3975,BGY
4793,ORY
1330,FNC
9596,MSQ
3369,LPL
8060,TLS
8040,TPS
1876,RVN
5488,PUY
1157,AJA
6445,LWO
2180,CIA
3043,GVA
744,LTN
7959,HUY
2951,BIQ
985,DBV
5407,REU
6379,BOO
5806,ODS
4213,RHO
3217,CIY
6109,BJV
551,BSL
2051,GLA
7442,EIN
1443,LUG
4074,BRQ
877,BRN
2706,CTA
959,AAR
7674,TSF
7383,KUN
4480,ZTH
1625,WAW
9649,BIO
7617,LYS
3143,PMO
6117,CFU
1916,OSL
693,BES
9962,AER
5551,ZAZ
8560,FUE
1563,LNZ
8658,FMO
7181,LIL
6063,SVG
6452,PMI
2995,GOA
4427,INI
2151,LJU
732,IST
3974,SVX
6851,KBP
4660,XRY
2243,TZX
6271,SEN
3691,OVB
3773,FCO
3139,OST
2903,VLC
9400,SCQ
2805,PFO
3654,HAJ
5271,ALC
2908,PSR
2405,ORK
9013,AAL
5348,EXT
2954,BIA
2189,MAN
4973,BRS
2057,SXF
180,FAO
7968,INN
3392,WRO
5393,PIK
7892,VAA
5088,MPL
8217,GRQ
9901,PAD
3076,JTR
9656,SPU
9044,NCL
8458,LIS
4474,IBZ
9421,ADB
4624,HAM
1631,ACE
6509,PSA
2571,MST
439,ANR
5356,OUL
2294,ZAD
9207,TSR
4393,OTP
5178,LPA
4257,OPO
2453,SVQ
1906,ALA
7019,RMU
5075,KGS
8860,LHR
3763,SNN
3806,SOF
1480,EDI
5845,LGG
991,DTM
9988,BHD
1338,EVN
7635,KSC
5847,LCY
1470,VIE
3745,DUS
1881,HEL
7692,TFN
8991,LUX
9016,MMX
4644,MRS
8996,SVO
5068,KIR
2200,TMP
7405,SZG
309,TLN
9829,KEF
1651,SJJ
7553,SAW
9139,GRZ
7057,GRO
9512,RNS
8043,HAU
5300,BMA
9561,NRN
9375,ARN
4560,TXL
9045,TZL
3710,KRK
8291,LBA
7106,AES
2419,BER
8248,RUN
6952,TKU
5077,BEG
950,PRN
1697,VCE
5261,LED
799,IAS
8192,JER
7979,JMK
5887,BOD
7677,AMS
9387,EGC
8684,LEJ
9250,LIN
6563,BDS
6076,BTS
6848,EMA
1067,ABZ
6555,STN
1103,SXB
6251,TIA
2456,CAG
447,KTW
3567,HER
5787,BRE
9705,POZ
9822,CHQ
4209,CDG
8493,MXP
9103,SPC
3121,TOS
6207,MLA
9087,BVA
156,NOC
8346,VST
3233,STR
2264,FSC
8834,AHO
6001,KLU
934,FMM
194,GOT
4196,DLM
9630,FLR
5990,AOI
964,TGD
3542,RIX
2804,DSA
9443,TRN
2205,SUF
7846,NYO
3487,SKG
7090,TBS
3046,LGW
8343,CGN
4015,SOU
6545,BLQ
7944,PRG
8407,LEI
5149,WMI
3092,HHN
9814,AYT
7469,CWL
6019,BRI
6780,PEG
2740,DEB
352,ATH
5155,MAH
2003,LCA
703,FKB
6266,FAE
4036,ADA
8463,RTM
9720,NTE
8635,ZRH
6138,SDR
224,BCN
6221,BGO
735,BUD
8456,NCE
4762,VAR
660,CRL
9401,VRN
5771,NAP
1938,BRU
513,MUC
586,CPH
5107,BLL
9983,MAD
6634,FDH
2358,BFS
5607,TRF
8786,ZAG
6993,BOJ
2544,AGP
9189,SKP
2244,TSE
7904,ESB
51,VKO
5720,IEV
9570,TIV
9132,FRA
3314,DUB
7134,PDL
7251,GYD
6911,KIV
529,TRD
4563,CLJ
3785,TLL
2623,OLB
2006,BHX
7011,KRS
4871,DME
870,DRS
8845,VNO
5830,TFS
502,NUE
42,GDN
7095,OVD
8694,BGY
8153,ORY
9949,FNC
6514,MSQ
90,LPL
2831,TLS
8596,TPS
1013,RVN
1604,PUY
5860,AJA
4701,LWO
3672,CIA
6115,GVA
4826,LTN
9607,HUY
8898,BIQ
6489,DBV
3657,REU
7898,BOO
4662,ODS
8778,RHO
4697,CIY
3007,BJV
2580,BSL
1677,GLA
8358,EIN
5131,LUG
4001,BRQ
7760,BRN
394,CTA
2048,AAR
8432,TSF
1025,KUN
4745,ZTH
9806,WAW
1481,BIO
1507,LYS
7098,PMO
5988,CFU
2553,OSL
2832,BES
6647,AER
7661,ZAZ
4800,FUE
1467,LNZ
7235,FMO
1523,LIL
418,SVG
2926,PMI
1354,GOA
6045,INI
8063,LJU
7309,IST
3620,SVX
6002,KBP
3961,XRY
9263,TZX
141,SEN
8843,OVB
9199,FCO
467,OST
648,VLC
992,SCQ
5630,PFO
8907,HAJ
1090,ALC
9311,PSR
2443,ORK
517,AAL
3676,EXT
9161,BIA
1380,MAN
7173,BRS
1290,SXF
3295,FAO
1349,INN
4127,WRO
7754,PIK
190,VAA
7087,MPL
3420,GRQ
8467,PAD
16,JTR
9818,SPU
342,NCL
4221,LIS
9724,IBZ
9577,ADB
854,HAM
4097,ACE
5928,PSA
2111,MST
3879,ANR
148,OUL
888,ZAD
1808,TSR
6815,OTP
8584,LPA
9938,OPO
7301,SVQ
5380,ALA
8673,RMU
5629,KGS
8302,LHR
5386,SNN
2963,SOF
5016,EDI
9120,LGG
7023,DTM
3625,BHD
7570,EVN
4154,KSC
8496,LCY
6435,VIE
9815,DUS
1666,HEL
257,TFN
3353,LUX
4707,MMX
8490,MRS
4282,SVO
4335,KIR
2493,TMP
6568,SZG
7092,TLN
1703,KEF
8977,SJJ
4877,SAW
2440,GRZ
3645,GRO
7089,RNS
6502,HAU
6354,BMA
3044,NRN
936,ARN
3080,TXL
568,TZL
4334,KRK
1520,LBA
998,AES
3294,BER
6698,RUN
6916,TKU
6996,BEG
3721,PRN
9351,VCE
5181,LED
9759,IAS
2564,JER
9808,JMK
3347,BOD
6713,AMS
9907,EGC
2905,LEJ
6801,LIN
4172,BDS
364,BTS
5697,EMA
9047,ABZ
6813,STN
8683,SXB
5187,TIA
4181,CAG
8939,KTW
572,HER
860,BRE
5877,POZ
4954,CHQ
978,CDG
1576,MXP
1620,SPC
70,TOS
1577,MLA
2215,BVA
2583,NOC
5986,VST
829,STR
1061,FSC
6920,AHO
1410,KLU
9181,FMM
3722,GOT
3286,DLM
5998,FLR
2120,AOI
3971,TGD
3697,RIX
2143,DSA
4261,TRN
7054,SUF
3821,NYO
7223,SKG
1638,TBS
8788,LGW
5699,CGN
5476,SOU
1054,BLQ
894,PRG
4864,LEI
5702,WMI
6214,HHN
909,AYT
6837,CWL
3003,BRI
2821,PEG
9554,DEB
3215,ATH
1024,MAH
1660,LCA
9376,FKB
4698,FAE
4492,ADA
3066,RTM
3573,NTE
7471,ZRH
747,SDR
5604,AGP
2825,SKP
4878,TSE
982,ESB
2488,VKO
7691,IEV
1401,TIV
7600,FRA
8921,DUB
4742,PDL
4012,GYD
4673,KIV
6377,TRD
1855,CLJ
9059,TLL
9349,OLB
1371,BHX
920,KRS
6949,DME
522,DRS
5197,VNO
8505,TFS
2879,NUE
9294,GDN
3083,OVD
8543,BGY
3945,ORY
3802,FNC
9334,MSQ
1649,LPL
8738,TLS
3766,TPS
4549,RVN
8396,PUY
6426,AJA
2530,LWO
8212,CIA
2887,GVA
659,LTN
210,HUY
7174,BIQ
4109,DBV
5824,REU
5074,BOO
6892,ODS
5757,RHO
9178,CIY
1127,BJV
1329,BSL
9975,GLA
3166,EIN
7205,LUG
3831,BRQ
3039,BRN
7634,CTA
1168,AAR
7696,TSF
3494,KUN
3659,ZTH
2134,WAW
2097,BIO
878,LYS
6347,PMO
7927,CFU
867,OSL
7622,BES
3750,AER
6521,ZAZ
7001,FUE
3177,LNZ
4536,FMO
2268,LIL
6539,SVG
1034,PMI
8219,GOA
1228,INI
3167,LJU
7461,IST
5841,SVX
7514,KBP
4958,XRY
4239,TZX
3986,SEN
2711,OVB
8930,FCO
5020,OST
4918,VLC
3811,SCQ
5913,PFO
5365,HAJ
908,ALC
9679,PSR
9153,ORK
8264,AAL
9526,EXT
1667,BIA
9713,MAN
3345,BRS
9115,SXF
4365,FAO
5517,INN
7879,WRO
4882,PIK
3762,VAA
7983,MPL
7345,GRQ
612,PAD
925,JTR
2283,SPU
7555,NCL
7042,LIS
2795,IBZ
2502,ADB
8154,HAM
3328,ACE
2824,PSA
4237,MST
9449,ANR
3028,OUL
7494,ZAD
2409,TSR
264,OTP
8985,LPA
4295,OPO
4718,SVQ
3370,ALA
4466,RMU
9230,KGS
4323,LHR
9970,SNN
6873,SOF
496,EDI
2265,LGG
4888,DTM
2311,BHD
6967,EVN
3903,KSC
3323,LCY
3071,VIE
6810,DUS
5116,HEL
6169,TFN
6755,LUX
1820,MMX
4059,MRS
9728,SVO
7942,KIR
3652,TMP
7416,SZG
2148,TLN
4996,KEF
6295,SJJ
5729,SAW
5237,GRZ
6466,GRO
1060,RNS
8198,HAU
7003,BMA
1229,NRN
9344,ARN
2485,TXL
2150,TZL
3483,KRK
5565,LBA
7981,AES
4650,BER
7678,RUN
9684,TKU
3911,BEG
2640,PRN
4722,VCE
1726,LED
8519,IAS
3781,JER
4057,JMK
9402,BOD
4388,AMS
8087,EGC
3823,LEJ
8761,LIN
9394,BDS
6953,BTS
5142,EMA
7245,ABZ
1009,STN
4198,SXB
2452,TIA
3054,CAG
4845,KTW
4010,HER
5605,BRE
5080,POZ
4808,CHQ
6501,CDG
2300,MXP
7214,SPC
8372,TOS
8178,MLA
9963,BVA
6706,NOC
4475,VST
7786,STR
6003,FSC
958,AHO
17,KLU
325,FMM
142,GOT
5058,DLM
4775,FLR
1333,AOI
1783,TGD
4035,RIX
9696,DSA
4667,TRN
3124,SUF
914,NYO
5684,SKG
4157,TBS
5048,LGW
7669,CGN
4137,SOU
5329,BLQ
282,PRG
6309,LEI
7448,WMI
6674,HHN
8399,AYT
3045,CWL
1389,BRI
2019,PEG
6465,DEB
6987,ATH
6991,MAH
7430,LCA
6488,FKB
2266,FAE
1275,ADA
8446,RTM
4089,NTE
6170,ZRH
9549,SDR
3564,BCN
9599,BGO
1606,BUD
5007,NCE
8883,VAR
4355,CRL
5506,VRN
9356,NAP
5409,BRU
2693,MUC
9417,CPH
1264,BLL
3242,MAD
823,FDH
5504,BFS
7463,TRF
4360,ZAG
6210,BOJ
1374,AGP
1981,SKP
6602,TSE
5347,ESB
8213,VKO
8142,IEV
2363,TIV
1000,FRA
7257,DUB
9686,PDL
7742,GYD
7030,KIV
211,TRD
7632,CLJ
6858,TLL
3012,OLB
6964,BHX
1800,KRS
77,DME
140,DRS
4976,VNO
3926,TFS
9264,NUE
1966,GDN
3491,OVD
8048,BGY
2373,ORY
6714,FNC
7868,MSQ
5865,LPL
4291,TLS
3384,TPS
8301,RVN
9094,PUY
2753,AJA
6141,LWO
3853,CIA
2339,GVA
712,LTN
6657,HUY
4359,BIQ
977,DBV
4189,REU
6693,BOO
2830,ODS
879,RHO
8288,CIY
8570,BJV
2992,BSL
1427,GLA
9106,EIN
7291,LUG
1542,BRQ
6287,BRN
8517,CTA
1551,AAR
6407,TSF
1296,KUN
9715,ZTH
9831,WAW
4435,BIO
2729,LYS
748,PMO
7366,CFU
4312,OSL
3707,BES
2968,AER
9578,ZAZ
7780,FUE
7353,LNZ
8624,FMO
7342,LIL
7157,SVG
5770,PMI
3912,GOA
7693,INI
896,LJU
7327,IST
429,SVX
1242,KBP
4086,XRY
2480,TZX
2687,SEN
6906,OVB
7749,FCO
2814,OST
7650,VLC
8601,SCQ
3161,PFO
2587,HAJ
9229,ALC
6337,PSR
530,ORK
5821,AAL
653,EXT
1405,BIA
4837,MAN
8029,BRS
2506,SXF
2362,FAO
1089,INN
65,WRO
7864,PIK
3034,VAA
8679,MPL
8061,GRQ
3249,PAD
5141,JTR
1978,SPU
3146,NCL
6594,LIS
6589,IBZ
9783,ADB
9734,HAM
6080,ACE
6409,PSA
4300,MST
941,ANR
9779,OUL
2625,ZAD
3910,TSR
7187,OTP
7982,LPA
803,OPO
4347,SVQ
4233,ALA
8644,RMU
8774,KGS
68,LHR
6468,SNN
3237,SOF
3496,EDI
1233,LGG
7960,DTM
7683,BHD
4176,EVN
1812,KSC
928,LCY
7951,VIE
3759,DUS
6171,HEL
8638,TFN
6632,LUX
5921,MMX
2686,MRS
6613,SVO
3135,KIR
4648,TMP
3839,SZG
3122,TLN
2669,KEF
1432,SJJ
8730,SAW
312,GRZ
8789,GRO
5376,RNS
1213,HAU
3173,BMA
9146,NRN
1564,ARN
4813,TXL
7374,TZL
6651,KRK
2621,LBA
8233,AES
99,BER
8889,RUN
1884,TKU
7119,BEG
1322,PRN
4274,VCE
8978,LED
4788,IAS
5121,JER
7360,JMK
5701,BOD
390,AMS
4887,EGC
1624,LEJ
6023,LIN
4643,BDS
9845,BTS
3292,EMA
2922,ABZ
8036,STN
2940,SXB
7539,TIA
7522,CAG
9788,KTW
4390,HER
1433,BRE
5230,POZ
1979,CHQ
6670,CDG
9335,MXP
4638,SPC
3024,TOS
9231,MLA
5668,BVA
8333,NOC
2313,VST
9939,STR
4207,FSC
8516,AHO
8720,KLU
4672,FMM
417,GOT
7318,DLM
6689,FLR
605,AOI
1240,TGD
4178,RIX
3228,DSA
3576,TRN
3185,SUF
6014,NYO
6316,SKG
1438,TBS
7804,LGW
2756,CGN
9474,SOU
1669,BLQ
3881,PRG
1504,LEI
9175,WMI
4043,HHN
3943,AYT
8699,CWL
7362,BRI
2013,PEG
6240,DEB
5617,ATH
6717,MAH
3726,LCA
5325,FKB
742,FAE
3437,ADA
788,RTM
5209,NTE
9790,ZRH
9669,SDR
9961,AGP
3559,SKP
9182,TSE
4266,ESB
6127,VKO
1905,IEV
3423,TIV
4150,FRA
2404,DUB
1813,PDL
9212,GYD
6804,KIV
5136,TRD
5825,CLJ
3136,TLL
9022,OLB
5599,BHX
591,KRS
5953,DME
7068,DRS
9436,VNO
521,TFS
7737,NUE
6645,GDN
715,OVD
8945,BGY
1823,ORY
4286,FNC
8183,MSQ
4823,LPL
6723,TLS
6944,TPS
4839,RVN
9572,PUY
3222,AJA
7246,LWO
794,CIA
4732,GVA
9807,LTN
8976,HUY
3412,BIQ
9659,DBV
2010,REU
4824,BOO
6301,ODS
932,RHO
5491,CIY
6639,BJV
3047,BSL
7761,GLA
7597,EIN
5889,LUG
3138,BRQ
5896,BRN
2667,CTA
5735,AAR
5856,TSF
7083,KUN
7933,ZTH
766,WAW
8719,BIO
5441,LYS
7111,PMO
4915,CFU
6385,OSL
5095,BES
2317,AER
115,ZAZ
6690,FUE
5831,LNZ
8019,FMO
4637,LIL
1508,SVG
1035,PMI
1494,GOA
6989,INI
6370,LJU
4940,IST
8371,SVX
2829,KBP
8247,XRY
1675,TZX
9117,SEN
1566,OVB
5873,FCO
2604,OST
5938,VLC
92,SCQ
4931,PFO
1255,HAJ
4448,ALC
1751,PSR
4848,ORK
44,AAL
814,EXT
2383,BIA
1685,MAN
9650,BRS
7264,SXF
7676,FAO
4216,INN
4077,WRO
5802,PIK
2253,VAA
6591,MPL
8811,GRQ
7972,PAD
7176,JTR
3731,SPU
8503,NCL
7658,LIS
6788,IBZ
111,ADB
3568,HAM
6983,ACE
9255,PSA
6610,MST
1886,ANR
9532,OUL
8201,ZAD
7949,TSR
8383,OTP
1617,LPA
8406,OPO
6570,SVQ
5753,ALA
981,RMU
5328,KGS
975,LHR
3584,SNN
7263,SOF
4329,EDI
668,LGG
6238,DTM
5045,BHD
124,EVN
7359,KSC
5898,LCY
3442,VIE
3865,DUS
8364,HEL
6662,TFN
9382,LUX
4040,MMX
1016,MRS
166,SVO
4240,KIR
9266,TMP
2892,SZG
2909,TLN
9960,KEF
8629,SJJ
9953,SAW
6665,GRZ
2820,GRO
3497,RNS
6073,HAU
4592,BMA
8214,NRN
5840,ARN
7158,TXL
147,TZL
8868,KRK
3245,LBA
716,AES
7462,BER
9196,RUN
6340,TKU
4177,BEG
3469,PRN
5758,VCE
7334,LED
2657,IAS
657,JER
963,JMK
6200,BOD
5624,AMS
3498,EGC
3574,LEJ
2163,LIN
3747,BDS
7040,BTS
3527,EMA
2970,ABZ
9764,STN
6140,SXB
4886,TIA
9553,CAG
8980,KTW
6506,HER
711,BRE
183,POZ
2663,CHQ
130,CDG
283,MXP
6671,SPC
3692,TOS
6369,MLA
9535,BVA
